index,artist,album,track_name,track_id,danceability,acousticness,energy,key,loudness,mode,speechiness,instrumentalness,liveness,valence,tempo,duration_ms,time_signature
1,HVOB,Rocco,2nd World,6U6TeOpp28DZPbv1t4pl1b,0.572,0.255,0.544,7,-11.026,0,0.0274,0.818,0.104,0.0393,115.994,337536,4
2,Khalid,American Teen,8TEEN,5bgwqaRSS3M8WHWruHgSL5,0.83,0.225,0.585,1,-5.802,1,0.0366,0.00209,0.0576,0.642,105.03,228600,4
3,Damien Rice,9,9 Crimes,5GZEeowhvSieFDiR8fQ2im,0.346,0.913,0.139,0,-15.326,1,0.0321,7.73e-05,0.0934,0.116,136.168,217947,4
4,Radiohead,In Rainbows,15 Step,6dsq7Nt5mIFzvm5kIYNORy,0.6,0.0489,0.853,1,-7.584,1,0.0423,0.346,0.0934,0.847,94.457,237293,4
5,Coldplay,Viva La Vida (Prospekt's March Edition),42,1X2v8JtRJhGQEy1QIhZnl7,0.309,0.221,0.636,5,-7.202,0,0.0344,0.00281,0.102,0.177,141.382,237400,4
6,Ed Sheeran,+,The A Team,1XpYodsD36XN7ygcdF7mJJ,0.642,0.669,0.289,9,-9.918,1,0.0367,0.0,0.18,0.407,84.996,258373,4
7,Mali,Age of Limbo,Age of Limbo,6IckM5kCoeGZp4sPihBX97,0.457,0.0877,0.587,1,-11.803,1,0.0355,0.00858,0.0681,0.187,165.957,200000,4
8,Radiohead,OK Computer OKNOTOK 1997 2017,Airbag - Remastered,4F4Wtw45jKohdzu9onG6WH,0.319,0.00989,0.935,2,-5.709,1,0.0548,0.824,0.128,0.63,167.677,283800,4
9,Marvin Gaye,United,Ain't No Mountain High Enough,7tqhbajSfrz2F7E1Z75ASX,0.663,0.43,0.6,7,-10.87,1,0.032,0.0,0.184,0.8,129.991,151667,4
10,The Weeknd,Starboy,All I Know,0NWqNXBJTpXbkI5rPWNy3p,0.467,0.421,0.417,8,-10.614,0,0.074,0.000202,0.102,0.171,120.021,321027,4
11,Radiohead,In Rainbows,All I Need,51ygW389BW4Dut3B69pSwc,0.668,0.517,0.477,4,-8.709,0,0.0358,0.446,0.139,0.0966,88.005,228747,4
12,Kodaline,In A Perfect World,All I Want,2PwXOevGUSkU8qaYZjgLq2,0.209,0.172,0.412,0,-9.733,1,0.0443,0.15,0.0843,0.162,86.26,305747,3
13,Sufjan Stevens,Carrie & Lowell,All of Me Wants All of You,4dl77NeP009biypEUuEs8u,0.437,0.969,0.282,11,-17.455,0,0.0481,0.00174,0.115,0.163,143.934,221711,4
14,Keegan DeWitt,All The Bright Places (Music from the Netflix Film),All The Bright Places II,5DBBaubMEOFMO8N0eKiINf,0.45,0.91,0.286,8,-13.459,1,0.0364,0.871,0.0896,0.116,125.006,232710,3
15,Bahamas,Bahamas Is Afie,All The Time,0qI1W6chJgvrSAzAkX9JBa,0.711,0.648,0.464,4,-4.816,0,0.0488,0.00373,0.0846,0.507,127.274,234973,4
16,Jon Bellion,The Human Condition,All Time Low,3aEcaegTsg7rnU0Mk5a7Eu,0.637,0.0604,0.543,0,-4.34,1,0.112,0.0,0.103,0.516,90.117,217603,4
17,The Chainsmokers,All We Know,All We Know,2rizacJSyD9S1IQUxUxnsK,0.662,0.097,0.586,0,-8.821,1,0.0307,0.00272,0.115,0.296,90.0,194080,4
18,Coldplay,Ghost Stories,Always in My Head,0FMjqbY3aWo1QDbo3GwXib,0.495,0.0127,0.502,5,-9.307,1,0.0259,0.689,0.068,0.0394,97.546,216627,3
19,Aerosmith,Get A Grip,Amazing,6beFuzSjwhOKFZp2aqYDdY,0.308,0.0645,0.747,0,-5.434,1,0.037,8.27e-05,0.431,0.278,139.454,356160,4
20,Coldplay,A Head Full of Dreams,Amazing Day,3wtV2ifnHzirkAElgTGh63,0.451,0.017,0.636,5,-5.796,1,0.0274,0.435,0.141,0.289,97.041,271107,3
21,Tyler Roh,Amy,Amy,55mhej9jEXXLCvdRZNt6zM,0.369,0.00235,0.706,10,-5.695,1,0.0337,0.000167,0.105,0.701,180.097,194765,4
22,Three Days Grace,Animal I Have Become,Animal I Have Become,0EgOla0fURXvlXi0wyorPS,0.553,0.000684,0.853,8,-3.668,1,0.0339,0.0,0.131,0.506,122.023,230680,4
23,Martin Garrix,Animals,Animals,5q35GiekvBr6oAsCsW8YlR,0.676,0.00149,0.857,1,-6.7,1,0.0391,0.674,0.307,0.0378,128.01,303040,4
24,Maroon 5,V (Asia Tour Edition),Animals,3h4T9Bg8OVSUYa6danHeH5,0.279,0.000185,0.742,4,-6.46,0,0.0898,0.0,0.593,0.328,189.868,231013,4
25,Pink Floyd,The Wall,"Another Brick in the Wall, Pt. 2",4gMgiXfqyzZLMhsksGmbQV,0.694,0.0781,0.394,0,-15.881,1,0.0428,0.000677,0.247,0.719,104.126,238747,4
26,Queen,The Game (2011 Remaster),Another One Bites The Dust - Remastered 2011,5vdp5UmvTsnMEMESIF2Ym7,0.933,0.112,0.528,5,-6.472,0,0.161,0.312,0.163,0.754,109.967,214653,4
27,Coldplay,Ghost Stories,Another's Arms,22uzF19LxQW87kOVkR79Fq,0.516,0.00715,0.572,8,-9.037,1,0.0291,0.254,0.139,0.351,160.023,234413,4
28,Radiohead,Anyone Can Play Guitar,Anyone Can Play Guitar,3WnQyK7ejnJZItNLVKmTXf,0.294,0.000101,0.813,4,-10.772,0,0.0547,0.000756,0.333,0.554,150.845,217800,4
29,OneRepublic,Dreaming Out Loud,Apologize,3UhXPxLDFKCj1ZO6mmtV0a,0.593,0.363,0.74,8,-6.12,1,0.0339,2.22e-05,0.102,0.502,118.008,208107,4
30,XXXTENTACION,Arms Around You (feat. Maluma & Swae Lee),Arms Around You (feat. Maluma & Swae Lee),2LskIZrCeLxRvCiGP8gxlh,0.703,0.0302,0.723,9,-5.45,0,0.0412,2.06e-06,0.126,0.288,104.969,198903,4
31,Charlie Puth,Voicenotes,Attention,5cF0dROlMOK5uNZtivgu50,0.775,0.109,0.613,3,-4.586,0,0.0542,2.33e-05,0.134,0.797,100.066,208787,4
32,The Weeknd,Starboy,Attention,6pDVjCUA3B1vg9waKutAsv,0.671,0.688,0.428,4,-7.052,0,0.124,0.000182,0.119,0.362,148.04,197653,4
33,The Cathedral Singers,"Catholic Classics, Vol. 4: Catholic Latin Classics","Ave Maria, Op. 52 No. 6, D. 839 (Arr. for Soprano, Harp & Chorus)",4IyK8htJJzbRjPihpMouWu,0.233,0.988,0.122,10,-19.528,1,0.0333,0.00354,0.0916,0.0991,90.593,248600,3
34,Cliff Richard & The Shadows,Summer Holiday,Bachelor Boy,1vNXvCxrcKg8Mq6KHAV6ZF,0.363,0.828,0.232,2,-20.154,1,0.0356,0.0,0.0931,0.898,201.199,122339,3
35,Billie Eilish,"WHEN WE ALL FALL ASLEEP, WHERE DO WE GO?",bad guy,2Fxmhks0bxGSBdJ92vM42m,0.701,0.328,0.425,7,-10.965,1,0.375,0.13,0.1,0.562,135.128,194088,4
36,Twenty One Pilots,Trench,Bandito,5INKIG4QNuD4xq7qZcfPzp,0.661,0.256,0.52,11,-8.367,0,0.028,0.0246,0.105,0.427,127.089,330987,4
37,Ed Sheeran,÷ (Deluxe),Barcelona,3Lfiu5sZ4M4B6JaKMBc0FU,0.747,0.448,0.76,1,-4.294,1,0.187,0.0,0.153,0.682,99.975,191147,4
38,The 1975,A Brief Inquiry Into Online Relationships,Be My Mistake,18UsAG7SfOQ5sxJEdjAMH0,0.572,0.835,0.155,6,-14.405,1,0.0344,0.000137,0.0906,0.0949,109.923,256689,3
39,Major Lazer,Peace Is The Mission (Extended),Be Together,3Vv6L434w4rmsaZ6PGfC0E,0.497,0.00142,0.627,6,-6.141,0,0.0319,0.0,0.619,0.193,79.93,233011,4
40,Ed Sheeran,No.6 Collaborations Project,Beautiful People (feat. Khalid),70eFcWOvlMObDhURTqT4Fv,0.64,0.124,0.647,5,-8.114,0,0.186,0.0,0.0801,0.546,92.979,197867,4
41,Imagine Dragons,Evolve,Believer,0pqnGHJpmpxLKifKRmU6WP,0.776,0.0622,0.78,10,-4.374,0,0.128,0.0,0.081,0.666,124.949,204347,4
42,Billie Eilish,dont smile at me,bellyache,1ni8ZTAY1GHXEFOGHl7fdg,0.695,0.46,0.573,4,-8.597,0,0.106,0.0734,0.482,0.408,99.939,179172,4
43,Billie Eilish,Bellyache (Marian Hill Remix),Bellyache - Marian Hill Remix,61X077SWMs5aAGQHhf4pd0,0.832,0.2,0.368,4,-8.627,0,0.133,0.0513,0.353,0.2,100.045,220800,4
44,Editors,Violence,Belong,2VAOoMQ0BBUaGxvQyjlDbN,0.509,0.0287,0.476,9,-7.864,0,0.0309,0.462,0.111,0.186,125.959,362142,4
45,Post Malone,beerbongs & bentleys,Better Now,7dt6x5M1jzdTEt8oCbisTK,0.68,0.331,0.578,10,-5.804,1,0.04,0.0,0.135,0.341,145.038,231267,4
46,Michl,Better With You,Better With You,1FjHxl8B28sXj7eVfxdST4,0.784,0.265,0.437,5,-7.868,1,0.0509,6.98e-05,0.126,0.47,90.003,196018,4
47,Nucleya,Raja Baja,Bhayanak Atma,3IgxCj017H9u8VFHa1U0vk,0.55,0.00127,0.954,5,-7.046,1,0.154,0.162,0.142,0.612,194.039,210309,4
48,Rae Sremmurd,SremmLife 2 (Deluxe),Black Beatles,6fujklziTHa8uoM5OQSfIo,0.794,0.142,0.632,0,-6.163,1,0.0649,0.0,0.128,0.355,145.926,291893,4
49,Soundgarden,Superunknown (Deluxe Edition),Black Hole Sun,2EoOZnxNgtmZaD8uUmz2nD,0.35,0.000217,0.828,6,-5.373,1,0.041,0.000161,0.0774,0.147,105.435,318587,4
50,Linkin Park,A Thousand Suns,Blackout,0YmA7060yYtRtMS8LME0hK,0.542,0.167,0.927,6,-3.971,0,0.0752,0.00927,0.446,0.369,135.002,279453,4
51,Major Lazer,Peace Is The Mission (Extended),Blaze Up The Fire,5d2sGAcNwi1AhYM9XqjnGt,0.637,0.00599,0.967,6,-3.616,1,0.0547,6.37e-05,0.502,0.796,145.014,214916,4
52,Imagine Dragons,Night Visions (Deluxe),Bleeding Out,3BvheqhKGQgFMSiiJh6ayj,0.299,0.0195,0.754,5,-4.078,0,0.0732,1.3e-06,0.103,0.295,169.373,221053,4
53,The Weeknd,Blinding Lights,Blinding Lights,0sf12qNH5qcw8qpgymFOqD,0.513,0.00147,0.796,1,-4.075,1,0.0629,0.000209,0.0938,0.345,171.017,201573,4
54,The Weeknd,After Hours (Deluxe),Blinding Lights,5Sg09MvHqNWPWsYeuY2toY,0.518,0.00153,0.727,1,-5.947,1,0.0557,0.000152,0.0882,0.342,170.962,200046,4
55,Kendrick Lamar,DAMN.,BLOOD.,1n4jwRVXdkK2U34nBDUKKT,0.357,0.142,0.238,8,-16.78,0,0.265,0.0859,0.55,0.494,156.907,118067,4
56,Radiohead,The King Of Limbs,Bloom,6tLALP9mi7VbNC7s16iBRK,0.518,0.62,0.959,0,-7.596,0,0.157,0.884,0.0831,0.341,149.722,313671,4
57,Damien Rice,O,The Blower's Daughter,5yyRH93h4Pm6tXXYTxt7ea,0.342,0.134,0.2,4,-13.569,1,0.0324,0.000153,0.341,0.0743,133.113,286653,4
58,Bob Dylan,The Freewheelin' Bob Dylan,Blowin' in the Wind,18GiV1BaXzPVYpp9rmOg0E,0.38,0.914,0.0993,2,-20.567,1,0.0509,2.32e-05,0.0605,0.44,174.874,165427,4
59,Grizfolk,Waking Up The Giants,Bob Marley,43a41kwTMZClWCLTONiaqm,0.562,0.0151,0.695,6,-4.662,1,0.0332,0.119,0.122,0.446,118.174,216067,4
60,Radiohead,In Rainbows,Bodysnatchers,4m0Vgr48VFaMYw0Sp1ozJu,0.343,0.00455,0.977,2,-4.993,1,0.0579,0.0197,0.0948,0.727,166.664,242293,4
61,Queen,A Night At The Opera (2011 Remaster),Bohemian Rhapsody - Remastered 2011,4u7EnebtmKWzUH433cf5Qv,0.414,0.271,0.404,0,-9.928,0,0.0499,0.0,0.3,0.224,71.105,354320,4
62,Aerosmith,Get A Grip,Boogie Man,5El7wlhi7nJojiFGpUal5c,0.514,0.912,0.187,4,-13.513,1,0.0383,0.879,0.0542,0.0617,81.778,136267,4
63,Robby Krieger,In Session,Brain Damage,3dSUnzuDsD1uarR5R96xjI,0.343,0.565,0.19,2,-14.554,1,0.0347,0.00373,0.123,0.118,131.056,225718,4
64,Pink Floyd,The Dark Side of the Moon,Brain Damage,05uGBKRCuePsf43Hfm0JwX,0.322,0.0726,0.265,2,-13.398,1,0.0302,0.34,0.366,0.207,133.577,226667,4
65,Linkin Park,Meteora (Bonus Edition),Breaking the Habit,3dxiWIBVJRlqh9xk144rf4,0.579,0.108,0.849,4,-5.218,0,0.0303,0.0,0.0909,0.581,100.021,196907,4
66,Pink Floyd,The Dark Side of the Moon,Breathe (In the Air),2ctvdKmETyOzPb2GiJJT53,0.431,0.391,0.375,11,-15.142,0,0.0347,0.721,0.143,0.258,128.153,169535,4
67,Linkin Park,LIVING THINGS,BURN IT DOWN,7oVEtyuv9NBmnytsCIsY5I,0.585,0.0143,0.972,9,-4.45,0,0.0534,0.0,0.0707,0.585,110.006,230253,4
68,Radiohead,A Moon Shaped Pool,Burn the Witch,3pcCifdPTc2BbqmWpEhtUd,0.541,0.303,0.847,11,-6.52,1,0.0297,0.271,0.109,0.62,148.937,220609,4
69,Billie Eilish,"WHEN WE ALL FALL ASLEEP, WHERE DO WE GO?",bury a friend,4SSnFejRGlZikf02HLewEF,0.905,0.74,0.389,8,-14.505,1,0.332,0.162,0.106,0.196,120.046,193143,4
70,Dayglow,Fuzzybrain,Can I Call You Tonight?,64lsIF5pw0sJY0gV5kz0RN,0.641,0.132,0.842,9,-7.27,1,0.0292,0.91,0.419,0.5,129.98,278769,4
71,The Weeknd,Beauty Behind The Madness,Can't Feel My Face,22VdIZQfgXJea34mQxlt81,0.705,0.113,0.769,9,-5.526,0,0.0425,0.0,0.105,0.583,107.949,213520,4
72,Twenty One Pilots,Cancer,Cancer,19W5OTEcQI3ZoRW1HERMyy,0.652,0.281,0.295,2,-11.045,1,0.0477,1.03e-05,0.0809,0.196,75.065,236827,4
73,FRENSHIP,Truce - EP,Capsize,2XMTqoHHSH0lvuXrvIEdco,0.683,0.0398,0.708,5,-6.244,0,0.0305,0.155,0.686,0.355,92.991,237707,4
74,Twenty One Pilots,Vessel,Car Radio,5cbpoIu3YjoOwbBDGUEp3P,0.766,0.098,0.519,9,-7.355,0,0.0366,0.0,0.0855,0.612,129.972,267720,4
75,Sufjan Stevens,Carrie & Lowell,Carrie & Lowell,5puPIY11QYhuuQJ9T7vND0,0.551,0.962,0.248,9,-23.095,0,0.0458,0.575,0.118,0.266,98.972,194639,4
76,Sufjan Stevens,Illinois,Casimir Pulaski Day,1u1YU1LE0FWHFOHpR2iXua,0.686,0.909,0.172,8,-14.979,1,0.0409,0.00154,0.286,0.563,133.899,353947,4
77,Ed Sheeran,÷ (Deluxe),Castle on the Hill,6PCUP3dWmTjcTtXY02oFdT,0.461,0.0232,0.834,2,-4.868,1,0.0989,1.14e-05,0.14,0.471,135.007,261154,4
78,Matt Simons,Catch & Release (Deluxe Edition),Catch & Release,4mijx6Ka6ditVcHfL341w5,0.608,0.796,0.423,1,-10.664,0,0.148,0.000264,0.119,0.612,87.02,240065,4
79,Matt Simons,When The Lights Go Down,Catch & Release - Deepend Remix,11BAVEGi1ivJ6JWLqKUNrZ,0.838,0.555,0.536,1,-8.645,0,0.0478,0.000376,0.111,0.107,104.988,195173,4
80,Fleetwood Mac,Rumours (Super Deluxe),The Chain - 2004 Remaster,5e9TFTbltYBg2xThimr0rU,0.545,0.009,0.67,9,-8.81,1,0.0496,0.000822,0.0451,0.481,151.553,270213,4
81,Sia,1000 Forms Of Fear (Deluxe Version),Chandelier,2s1sdSqGcKxpPr5lCl7jAV,0.399,0.0197,0.787,1,-2.88,1,0.0499,6.07e-05,0.0685,0.572,117.089,216120,5
82,The 1975,"I like it when you sleep, for you are so beautiful yet so unaware of it",A Change Of Heart,77sy2eCubjStbO3A5he5Tc,0.761,0.175,0.497,5,-7.306,1,0.0244,0.00801,0.0883,0.573,105.004,274699,4
83,Sia,This Is Acting (Deluxe Version),Cheap Thrills (feat. Sean Paul),2ONIJ40u0Attbm3miIIpNO,0.592,0.0599,0.788,6,-4.924,0,0.201,2.54e-06,0.125,0.755,89.949,224493,4
84,Twenty One Pilots,Trench,Chlorine,23OXdR7YuUBVWh5hSnYJau,0.609,0.0735,0.674,10,-7.388,0,0.0548,0.06,0.345,0.315,90.009,324467,4
85,The 1975,The 1975 (Deluxe),Chocolate,0KivRxhyT9xMen2cs3rJD3,0.612,0.00054,0.938,11,-4.463,1,0.0623,0.0,0.368,0.612,100.04,224674,4
86,System Of A Down,Toxicity,Chop Suey!,5V3mdRI2yQxbSsJGDPc5lD,0.42,0.000353,0.929,7,-3.899,0,0.121,0.000747,0.122,0.3,127.204,210240,4
87,Post Malone,Hollywood's Bleeding,Circles,21jGcNKet2qwijlDFuPiPb,0.695,0.192,0.762,0,-3.497,1,0.0395,0.00244,0.0863,0.553,120.042,215280,4
88,The 1975,The 1975 (Deluxe),The City,2VeL9b7uEZ35q1B25QPehz,0.488,9.27e-05,0.962,0,-4.877,1,0.0882,0.000654,0.101,0.62,94.973,206882,4
89,Guns N' Roses,Use Your Illusion II,Civil War,6i4Qi1mJxXjqNIL9HfJhRs,0.336,0.0793,0.787,10,-8.803,0,0.0732,0.0648,0.32,0.383,140.003,462093,4
90,Radiohead,OK Computer OKNOTOK 1997 2017,Climbing Up the Walls - Remastered,2Pquc3xvWghdFuf0HrjLUx,0.266,0.0929,0.633,11,-6.933,0,0.0386,0.482,0.185,0.227,66.425,285133,4
91,Coldplay,A Rush of Blood to the Head,Clocks,0BCPKOYdS2jbQ8iyB56Zns,0.577,0.599,0.749,5,-7.215,0,0.0279,0.0115,0.183,0.255,130.97,307880,4
92,Ellie Goulding,Close To Me (feat. Swae Lee),Close To Me (with Diplo) (feat. Swae Lee),5JEx7HbmvHQQswJCsoo9rA,0.575,0.0954,0.758,1,-5.029,0,0.0618,0.0,0.394,0.493,144.107,182623,4
93,The Chainsmokers,Closer,Closer,7BKLCZ1jbUBVqRi2FVlTVw,0.748,0.414,0.524,8,-5.599,1,0.0338,0.0,0.111,0.661,95.01,244960,4
94,Haken,The Mountain,Cockroach King,0J1CIpL8IuUf0OyijwkMFj,0.546,0.0366,0.633,6,-6.287,0,0.0309,0.000127,0.478,0.426,170.148,494573,4
95,Radiohead,The King Of Limbs,Codex,4sLGaMl33I6mcsk7u4xHAU,0.327,0.841,0.128,2,-17.536,0,0.0301,0.76,0.13,0.0648,58.993,287067,4
96,Major Lazer,Major Lazer Essentials,Cold Water,5rBtFEgasUy6eHRJcQ8Qlh,0.608,0.0736,0.798,6,-5.092,0,0.0432,0.0,0.156,0.501,92.943,185352,4
97,Parvaaz,Color White,Color White,1Ud6dfU6rD5dkl5gB7r4bg,0.559,0.573,0.584,8,-8.773,1,0.0288,0.0889,0.134,0.239,94.519,400000,3
98,Redbone,Come and Get Your Love,Come and Get Your Love - Single Version,7GVUmCP00eSsqc4tzj1sDD,0.731,0.172,0.804,11,-7.621,0,0.0473,0.00028,0.0685,0.957,107.383,205933,4
99,Pink Floyd,The Wall,Comfortably Numb,5HNCy40Ni5BZJFw1TKzRsC,0.472,0.15,0.366,11,-12.595,0,0.0286,0.308,0.0837,0.171,127.167,382297,4
100,Pink Floyd,The Division Bell,Coming Back to Life,1bQ4zbP8Fo0qAePTSOfYji,0.286,0.464,0.499,0,-11.096,1,0.044,0.000682,0.102,0.145,176.437,379241,4
101,Mike Posner,31 Minutes to Takeoff,Cooler Than Me - Single Mix,2V4bv1fNWfTcyRJKmej6Sj,0.768,0.179,0.82,7,-4.63,0,0.0475,0.0,0.704,0.625,129.969,213293,4
102,Hans Zimmer,Interstellar (Original Motion Picture Soundtrack),Cornfield Chase,3PrLXpTfUdi9iE1PA82sS3,0.18,0.951,0.226,9,-16.457,0,0.042,0.982,0.0998,0.048,94.079,126960,4
103,OneRepublic,Native,Counting Stars,2tpWsVSb9UEmDRxAl1zhX1,0.664,0.0654,0.705,1,-4.972,0,0.0382,0.0,0.118,0.477,122.016,257267,4
104,EDEN,vertigo,crash,7EkMIQ2PzEzwQroLl6dUvw,0.503,0.872,0.212,0,-12.735,0,0.0658,0.000293,0.12,0.185,118.492,232412,4
105,ILLENIUM,Crashing (feat. Bahari),Crashing (feat. Bahari),7egj375ez0KtF3bYCfAHdZ,0.582,0.342,0.681,5,-6.138,1,0.0458,0.0,0.186,0.273,95.995,230000,4
106,Radiohead,Pablo Honey,Creep,6b2oQwSGFkzsMtQruIWm2p,0.515,0.0102,0.43,7,-9.935,1,0.0369,0.000141,0.129,0.104,91.841,238640,4
107,Linkin Park,Hybrid Theory (Bonus Edition),Cure for the Itch,3rpnfXSECgapxeGeRgUYqy,0.75,0.163,0.677,8,-7.395,1,0.221,0.0509,0.247,0.851,99.99,157200,4
108,The Neighbourhood,Wiped Out!,Daddy Issues,5E30LdtzQTGqRvNd7l6kG5,0.588,0.0678,0.521,10,-9.461,1,0.0329,0.149,0.123,0.337,85.012,260173,4
109,Radiohead,A Moon Shaped Pool,Daydreaming,1uRxyAup7OYrlh2SHJb80N,0.299,0.968,0.263,9,-13.207,0,0.0323,0.857,0.126,0.113,137.848,384439,3
110,Sufjan Stevens,Carrie & Lowell,Death with Dignity,4fpEuKIzTLmMJnYwFU0oqr,0.51,0.986,0.16,4,-21.03,1,0.0395,0.017,0.113,0.383,170.063,239508,4
111,Radiohead,A Moon Shaped Pool,Decks Dark,5rIhBK9aaVMck0W2YtOwci,0.56,0.668,0.5,2,-10.829,0,0.0272,0.833,0.117,0.249,139.174,281011,4
112,Damien Rice,O,Delicate,6MY1xABxoZATrEr4FeUhEM,0.34,0.684,0.144,5,-14.502,1,0.0419,0.00112,0.101,0.147,81.179,312067,4
113,Imagine Dragons,Night Visions (Deluxe),Demons,5VC29kHMkzcaorzPKUqJbl,0.505,0.19,0.71,3,-3.015,1,0.0321,0.00025,0.329,0.428,89.938,175200,4
114,Radiohead,A Moon Shaped Pool,Desert Island Disk,1kBGeOp1CDUHVdbK4ergqo,0.561,0.868,0.282,0,-13.241,1,0.0286,0.529,0.11,0.158,112.011,224698,1
115,Michl,Die Trying,Die Trying,5JTAGruCIDyRLhKLwFkTnS,0.424,0.792,0.356,6,-8.374,1,0.0777,0.0,0.148,0.0738,125.41,209537,4
116,Kendrick Lamar,DAMN.,DNA.,6HZILIRieu8S0iqY8kIKhj,0.638,0.00454,0.523,1,-6.664,1,0.357,0.0,0.0842,0.422,139.913,185947,4
117,The Chainsmokers,Don't Let Me Down,Don't Let Me Down,1i1fxkWeaMmKEB4T7zqbzK,0.532,0.157,0.869,11,-5.094,1,0.172,0.00508,0.136,0.422,159.803,208373,4
118,Akon,Konvicted,Don't Matter,12yGwtB2h9NlzeOKYfVYTF,0.801,0.225,0.454,2,-6.035,1,0.0371,0.0,0.226,0.34,125.139,293067,4
119,Linkin Park,Meteora (Bonus Edition),Don't Stay,2yss0n7KmvmSr4EHvjfFpn,0.488,0.00153,0.995,1,-3.096,0,0.108,0.0,0.911,0.679,90.058,187933,4
120,Queen,Jazz (2011 Remaster),Don't Stop Me Now - Remastered 2011,5T8EDUDqKcs6OSOwEsfqG7,0.559,0.0475,0.868,5,-5.276,1,0.17,0.000176,0.776,0.609,156.295,209413,4
121,Maroon 5,Red Pill Blues (Deluxe),Don't Wanna Know (feat. Kendrick Lamar),5o3GnrcFtvkdf3zFznuSbA,0.783,0.343,0.61,7,-6.124,1,0.0696,0.0,0.0983,0.418,100.047,214265,4
122,Twenty One Pilots,Blurryface,Doubt,57yL3161hUMuw06zzzUCHi,0.719,0.121,0.645,2,-6.141,0,0.0358,0.00316,0.362,0.69,123.02,191493,4
123,Oceans Ahead,Down,Down,2LJNrBVuCNjU0qoSYZNyTU,0.835,0.53,0.407,11,-13.217,0,0.0442,0.0681,0.178,0.331,109.987,171240,4
124,Aerosmith,Aerosmith,Dream On,5MxNLUsfh7uzROypsoO5qe,0.307,0.388,0.433,1,-10.057,1,0.029,9.08e-05,0.332,0.224,160.9,266960,4
125,Martin Garrix,Drown (feat. Clinton Kane),Drown (feat. Clinton Kane),4RVtBlHFKj51Ipvpfv5ER4,0.573,0.212,0.739,9,-5.455,1,0.0581,0.0,0.175,0.363,120.077,174062,4
126,Mike Posner,A Matter Of Time,Drug Dealer Girl,3jX8sHkgMa5K9uQn2h5kpM,0.849,0.0745,0.529,10,-3.918,1,0.0746,0.0,0.0962,0.468,92.05,232464,4
127,Beach House,7,Drunk In LA,3AJsTNjbYSH4odSmP1I6ox,0.432,0.274,0.724,0,-6.827,0,0.0257,0.84,0.172,0.207,105.897,239307,4
128,ZAYN,Dusk Till Dawn (Radio Edit),Dusk Till Dawn - Radio Edit,1j4kHkkpqZRBwE0A4CN4Yv,0.258,0.101,0.437,11,-6.593,0,0.039,1.27e-06,0.106,0.0967,180.043,239000,4
129,Son Lux,Lanterns,Easy,6J6FXmYrMxg93mBxkugUlI,0.602,0.345,0.304,2,-9.948,0,0.0736,0.0231,0.0969,0.156,73.33,240760,4
130,Son Lux,Alternate Worlds,Easy (Switch Screens) [feat. Lorde],3SCRNG1UdHZVo5ZXeBegDV,0.73,0.138,0.702,7,-6.47,1,0.0949,0.0332,0.0766,0.802,145.999,262521,4
131,Aerosmith,Get A Grip,Eat The Rich,0CFtlafteObzOEuJdESQkb,0.569,0.00687,0.93,11,-4.637,0,0.0525,0.000143,0.37,0.696,122.957,249707,4
132,Jace Alexander Casey,Jace,Eden,4P937sB78v1bexaudAsEZ5,0.727,0.0776,0.804,0,-5.86,0,0.0491,1.87e-05,0.356,0.68,148.515,288026,4
133,Sia,1000 Forms Of Fear (Deluxe Version),Elastic Heart,5S9lfZu1YF8xKkgSsqL2Bd,0.421,0.0117,0.791,9,-4.998,1,0.0496,1.48e-05,0.146,0.499,130.075,257200,4
134,Radiohead,OK Computer OKNOTOK 1997 2017,Electioneering - Remastered,2HpUjdaboRlwPOSZT1UZrZ,0.204,0.00248,0.951,9,-4.345,0,0.0621,0.111,0.267,0.44,78.84,230573,4
135,Various Artists,Spider-Man: Into the Spider-Verse (Soundtrack From & Inspired by the Motion Picture),"Elevate (feat. Denzel Curry, YBN Cordae, SwaVay, Trevor Rich)",6kiauSlWtddVQx4JwJx51p,0.58,0.176,0.935,6,-4.847,0,0.293,0.0,0.514,0.666,129.173,219400,4
136,Sufjan Stevens,Carrie & Lowell,Eugene,161iDrAGFqkzeXSaxworBs,0.555,0.973,0.12,11,-24.043,1,0.0433,0.303,0.285,0.672,84.293,146893,4
137,The Police,Synchronicity (Remastered 2003),Every Breath You Take,1JSTJqkT5qHq8MDJnJbRE1,0.82,0.543,0.452,1,-9.796,1,0.0348,0.00294,0.0714,0.74,117.401,253920,4
138,Danny Elfman,Justice League (Original Motion Picture Soundtrack),Everybody Knows,34b3PCTLUISY153eb2F72k,0.656,0.641,0.225,7,-11.777,1,0.0313,6.32e-05,0.101,0.156,106.023,265560,4
139,Billie Eilish,everything i wanted,everything i wanted,3ZCTVFBt2Brf31RLEnCkWJ,0.704,0.902,0.225,6,-14.454,0,0.0994,0.657,0.106,0.243,120.006,245426,4
140,Radiohead,Kid A,Everything In Its Right Place,5AiNZnMDCWwujIENPj9PV9,0.293,0.699,0.462,5,-11.412,0,0.0453,0.0444,0.0954,0.0623,124.004,251427,5
141,Radiohead,OK Computer OKNOTOK 1997 2017,Exit Music (For a Film) - Remastered,0s0lnAIcclHVjQ4fITlOoU,0.355,0.148,0.296,7,-10.074,1,0.0321,0.13,0.644,0.205,121.599,265053,4
142,Alan Walker,Different World,Faded,698ItKASDavgwZ3WjaWjtz,0.468,0.0281,0.627,6,-5.085,1,0.0476,7.97e-06,0.11,0.159,179.642,212107,4
143,Twenty One Pilots,Blurryface,Fairly Local,1s9xuJxhYM0LdVqksjegcg,0.715,0.0396,0.723,6,-5.993,0,0.0569,8.57e-05,0.084,0.479,114.985,207160,4
144,Radiohead,The Bends,Fake Plastic Trees,045sp2JToyTaaKyXkGejPy,0.454,0.167,0.229,2,-12.592,1,0.0297,0.102,0.202,0.134,73.552,290707,4
145,Twenty One Pilots,Twenty One Pilots,Fall Away,77vDHmiANW3JS2gNN5q7pI,0.816,0.238,0.766,5,-5.176,1,0.0565,0.0127,0.0893,0.696,120.011,182000,4
146,The Weeknd,Starboy,False Alarm,4oeaIftdpT3JuZLcCkKmVE,0.517,0.0324,0.677,8,-6.373,0,0.0746,3.37e-05,0.189,0.192,173.978,220307,4
147,Various Artists,Spider-Man: Into the Spider-Verse (Soundtrack From & Inspired by the Motion Picture),"Familia (with Anuel Aa, feat. Bantu) - Spider-Man: Into the Spider-Verse",4Uy3kNxW2kB8AEoXljEcth,0.766,0.0166,0.881,9,-5.158,0,0.137,2.3e-06,0.347,0.674,112.027,174893,5
148,mxmtoon,plum blossom,feelings are fatal,6GGdkwYk4NXuiIcQD16AZg,0.545,0.908,0.169,0,-16.249,1,0.132,0.0,0.0942,0.482,98.225,124853,4
149,Rachel Platten,Wildfire,Fight Song,37f4ITSlgPX81ad2EvmVQr,0.564,0.0549,0.714,7,-4.987,1,0.129,0.0,0.155,0.33,175.924,204013,4
150,Linkin Park,The Hunting Party,Final Masquerade,3aYBjxTMvrEOP0A0UXg9ER,0.466,0.00774,0.852,3,-4.487,1,0.0585,2.6e-06,0.0989,0.428,164.032,217613,4
151,Coldplay,X&Y,Fix You,7LVHVU3tWfcxj5aiPFEW4Q,0.209,0.164,0.417,3,-8.74,1,0.0338,0.00196,0.113,0.124,138.178,295533,4
152,Clairo,Flaming Hot Cheetos,Flaming Hot Cheetos,1F6IbA7di42uPc3cff8PXV,0.817,0.865,0.551,7,-9.33,0,0.133,0.000151,0.101,0.142,109.966,123884,4
153,Aerosmith,Get A Grip,Flesh,6tQGTjRaMh5JQjcgMu8gt8,0.516,0.00169,0.838,9,-5.075,1,0.0593,0.0275,0.176,0.16,123.856,356640,4
154,Cavetown,Lemon Boy,Fool,6iGWH4PRPDwtN9NydaHK8b,0.671,0.0632,0.464,1,-9.277,1,0.149,0.073,0.0711,0.131,79.509,233785,4
155,MEMBA,"For Aisha (Featured in ""The Sky Is Pink"")","For Aisha (Featured in ""The Sky Is Pink"")",6rfahvufEQDIVTHJIU2QQB,0.568,0.063,0.622,4,-6.548,1,0.109,0.0018,0.56,0.109,76.984,357931,4
156,Lund,BlkBird,Foresight,5hsRtRBVhVCMvG8Uu01cTP,0.632,0.369,0.492,8,-12.431,1,0.0436,1.1e-05,0.127,0.159,156.001,196923,4
157,Sufjan Stevens,Carrie & Lowell,Fourth of July,4K3RZJ8sWPbv0IedcnEfw6,0.441,0.973,0.104,6,-22.399,0,0.0459,0.354,0.119,0.156,120.266,279316,4
158,Foreign Air,Free Animal,Free Animal,5nQvUs9YQeg3vshSzydlRw,0.577,0.0904,0.583,5,-7.257,0,0.0433,0.0,0.0937,0.406,80.002,180213,4
159,Radiohead,A Moon Shaped Pool,Ful Stop,4CzTgOmc3Sdm4EgKQWzjQl,0.426,0.353,0.661,0,-9.877,1,0.0503,0.94,0.619,0.178,151.191,367349,3
160,Polyphia,G.O.A.T.,G.O.A.T.,2aVAlLn2uez3xpcXxdiVek,0.661,0.000608,0.762,11,-5.373,0,0.0332,0.308,0.1,0.375,107.017,215574,4
161,Ed Sheeran,÷ (Deluxe),Galway Girl,0afhq8XCExXpqazXczTSve,0.624,0.0735,0.876,9,-3.374,1,0.1,0.0,0.327,0.781,99.943,170827,4
162,Aerosmith,Get A Grip,Get A Grip,3qXiJuTzndbdqecdeaO01g,0.609,0.0301,0.923,9,-3.011,1,0.0504,0.000839,0.206,0.844,104.829,238560,4
163,Daft Punk,Random Access Memories,Get Lucky (feat. Pharrell Williams & Nile Rodgers),69kOkLUCkxIZYexIgSG8rq,0.81,0.0378,0.793,6,-9.404,0,0.0403,1.82e-06,0.072,0.863,116.049,369627,4
164,Maroon 5,Red Pill Blues (Deluxe),Girls Like You,7npLlaPu9Mfno8hjk5OagD,0.611,0.558,0.462,0,-7.054,1,0.0646,1.01e-06,0.131,0.377,59.635,215230,4
165,Daft Punk,Random Access Memories,Give Life Back to Music,0dEIca2nhcxDUV8C5QkPYb,0.788,0.00286,0.616,9,-10.671,0,0.0337,0.549,0.0952,0.696,119.037,275387,4
166,The 1975,A Brief Inquiry Into Online Relationships,Give Yourself A Try,4rmIfFUZhhi9sS5IYtpkXw,0.334,3.17e-05,0.786,11,-5.002,1,0.0592,0.0,0.517,0.901,182.933,196589,4
167,Radiohead,A Moon Shaped Pool,Glass Eyes,0eZN5WsQfmNFICHuw59Zfz,0.218,0.955,0.11,8,-15.721,1,0.0344,0.557,0.138,0.0616,105.113,172936,4
168,Two Feet,First Steps,Go Fuck Yourself,4NZrZgrRoR4GwR7flWOXRI,0.765,0.571,0.327,6,-8.029,1,0.277,0.0479,0.0787,0.292,74.931,129600,4
169,Sex Pistols,"Never Mind The Bollocks, Here’s The Sex Pistols",God Save The Queen,2mHchPRtQWet3iIS3jANr1,0.304,0.00105,0.901,9,-7.756,1,0.0602,0.000376,0.158,0.541,147.199,199453,4
170,Drake,Scorpion,God's Plan,6DCZcSspjsKoFjzjrWoCdn,0.754,0.0332,0.449,7,-9.211,1,0.109,8.29e-05,0.552,0.357,77.169,198973,4
171,Twenty One Pilots,Blurryface,Goner,5P3yUXUC9rZPJPNmYGKEAz,0.565,0.194,0.437,6,-7.68,0,0.0403,7.14e-06,0.0656,0.217,96.132,236733,3
172,Apparat,The Devil's Walk,Goodbye,4VxaUj96W2jw9UOtKHu51p,0.484,0.406,0.457,1,-13.976,0,0.0456,0.646,0.297,0.187,87.159,256787,4
173,Travis Scott,Birds In The Trap Sing McKnight,goosebumps,6gBFPUFcJLzWGx4lenP6h2,0.841,0.0847,0.728,7,-3.37,1,0.0484,0.0,0.149,0.43,130.049,243837,4
174,Jeff Buckley,Grace,Grace,64SIlhd3BaHCCMSfajXG7l,0.546,0.0256,0.867,11,-4.235,0,0.0354,0.000229,0.221,0.189,127.988,322040,4
175,Rinzen,Exoplanet,The Great Beyond,7pzO1GBefrXkIUxSPxdmB0,0.551,0.00751,0.819,10,-8.943,0,0.0344,0.827,0.0941,0.0386,124.005,328989,4
176,Pink Floyd,The Dark Side of the Moon,The Great Gig in the Sky,2TjdnqlpwOjhijHCwHCP2d,0.275,0.768,0.216,5,-13.818,1,0.0345,0.897,0.0832,0.181,116.388,283872,4
177,Sia,This Is Acting (Deluxe Version),The Greatest,6bLopGnirdrilrpdVB6Um1,0.639,0.0174,0.785,10,-6.167,0,0.174,0.00107,0.0512,0.686,191.95,210920,4
178,The Swinging Suits,Greenback Boogie - Suits Theme Song,Greenback Boogie - Suits Theme Song,7dQ2lz4Bltpn5lkqghcODN,0.728,0.111,0.411,5,-6.987,1,0.0306,0.111,0.271,0.536,142.996,263317,4
179,Jeff Buckley,Grace,Hallelujah,3pRaLNL3b8x5uBOcsgvdqM,0.324,0.931,0.136,0,-10.33,1,0.0318,0.00117,0.176,0.0831,97.256,413827,3
180,Pink Floyd,The Wall,The Happiest Days of Our Lives,2O3l4X1yTua8oMMCtazkyo,0.741,0.551,0.231,9,-18.91,0,0.0415,0.747,0.249,0.547,103.994,110826,4
181,Pharrell Williams,G I R L,"Happy - From ""Despicable Me 2""",60nZcImufyMA1MKQY3dcCH,0.647,0.219,0.822,5,-4.662,0,0.183,0.0,0.0908,0.962,160.019,232720,4
182,Ellie Goulding,Hate Me (with Juice WRLD),Hate Me (with Juice WRLD),6kls8cSlUyHW2BUOkDJIZE,0.657,0.108,0.768,8,-4.628,1,0.0507,0.0,0.144,0.759,75.025,186223,4
183,Pink Floyd,Wish You Were Here,Have a Cigar,3CmHvyZQQAGkKkTjTBFWN6,0.454,0.407,0.65,4,-10.191,0,0.0437,0.0498,0.589,0.72,120.154,307733,4
184,The 1975,The 1975 (Deluxe),Heart Out,1ThFILiBxBv4MvroW7MIab,0.705,0.00814,0.83,2,-4.918,1,0.0274,0.00135,0.0762,0.885,118.446,202296,4
185,The Weeknd,After Hours (Deluxe),Heartless,28dQlavHTyrEkmI7w7Nivp,0.537,0.0187,0.752,10,-5.488,0,0.132,1.36e-06,0.145,0.234,169.97,198267,4
186,Twenty One Pilots,Heathens,Heathens,6i0V12jOa3mr6uu4WYhUBr,0.732,0.0841,0.396,4,-9.348,0,0.0286,3.58e-05,0.105,0.548,90.024,195920,4
187,Twenty One Pilots,Blurryface,Heavydirtysoul,7i9763l5SSfOnqZ35VOcfy,0.613,0.00397,0.873,7,-6.376,0,0.0449,0.00111,0.367,0.392,129.989,234813,4
188,Adele,25,Hello,4aebBr4JAihzJQR0CiIZJv,0.47,0.329,0.431,5,-6.129,0,0.0342,0.0,0.0854,0.289,157.98,295502,4
189,Pink Floyd,The Wall,Hey You,7F02x6EKYIQV3VcTaTm7oN,0.588,0.221,0.301,0,-14.979,1,0.0294,0.00236,0.128,0.19,112.458,278441,4
190,Various Artists,Spider-Man: Into the Spider-Verse (Soundtrack From & Inspired by the Motion Picture),Hide (feat. Seezyn),6rz0dTA0PdhXImFV5EjM0w,0.715,0.0622,0.639,5,-5.017,0,0.0752,0.0,0.157,0.151,149.996,205800,4
191,Radiohead,The Bends,High And Dry,5jafMI8FLibnjkYTZ33m0c,0.418,0.0718,0.383,4,-11.782,1,0.0257,0.0177,0.0896,0.352,87.773,257480,4
192,The Highwaymen,Highwayman,Highwayman,0TjPmXpkn1y0qoxElssQMd,0.67,0.48,0.351,2,-16.842,1,0.0463,0.0176,0.115,0.45,101.384,182653,4
193,Various Artists,Spider-Man: Into the Spider-Verse (Soundtrack From & Inspired by the Motion Picture),Home,7pBsquIkbED6W6uSQJGbkn,0.604,0.00608,0.736,10,-5.596,0,0.0555,0.109,0.11,0.345,118.012,211360,4
194,Imagine Dragons,Smoke + Mirrors (Deluxe),Hopeless Opus,6LNRspXRgIXWVpjVXpnLBm,0.627,0.00541,0.656,3,-6.163,1,0.0358,9.55e-05,0.215,0.555,140.107,238800,4
195,Eagles,Hotel California (2013 Remaster),Hotel California - 2013 Remaster,40riOy7x9W7GXjyGp4pjAv,0.579,0.00574,0.508,2,-9.484,1,0.027,0.000494,0.0575,0.609,147.125,391376,4
196,Drake,Views,Hotline Bling,0PVLrYwxpQQts9CvEXLcWx,0.892,0.00268,0.628,2,-7.77,1,0.0548,0.000411,0.0463,0.62,134.961,267187,4
197,Radiohead,In Rainbows,House Of Cards,3Jc6X15OZCCyhGSHBF4hwB,0.71,0.278,0.496,5,-9.638,1,0.0297,0.581,0.101,0.637,111.662,328293,4
198,Twenty One Pilots,Vessel,House of Gold,36tghkPg1AO4HsAzo6YpPp,0.68,0.445,0.693,0,-7.234,1,0.0435,0.0,0.208,0.851,114.948,163880,4
199,The Animals,The Singles Plus,House of the Rising Sun,4mn2kNTqiGLwaUR8JdhJ1l,0.316,0.000334,0.484,9,-9.11,0,0.0308,0.00445,0.0912,0.299,117.363,269907,3
200,Radiohead,Kid A,How To Disappear Completely,69pwmeyvQMuHMtkCmpEWhQ,0.168,0.315,0.302,6,-11.645,0,0.0344,0.79,0.11,0.205,102.041,356333,4
201,Ed Sheeran,÷ (Deluxe),How Would You Feel (Paean),6PJ8FF6UR8FZXfEvpHkIVN,0.617,0.424,0.439,9,-5.63,1,0.0269,0.0,0.127,0.242,139.979,280533,4
202,Connie Conway,Hidden Treasures,How You Lie Lie Lie,5ruadMdTw4tFhzNIqEqAY0,0.841,0.854,0.226,7,-12.357,1,0.0637,0.0,0.296,0.685,79.817,102794,4
203,Rag'n'Bone Man,Human (Deluxe),Human,58zsLZPvfflaiIbNWoA22O,0.602,0.393,0.707,11,-4.097,1,0.302,0.0,0.165,0.554,75.09,200187,4
204,Daft Punk,"Musique, Vol. 1",Human After All,2FTxc9WUZcKFQtFrT1oOVd,0.608,0.00139,0.725,0,-4.367,1,0.342,0.0546,0.0802,0.802,136.251,319880,4
205,Three Days Grace,Human Race,Human Race,6FyTqx37FT3tgoX2ZCVaI4,0.261,0.0565,0.849,10,-5.146,1,0.0591,1.84e-06,0.242,0.23,142.791,249280,4
206,Kendrick Lamar,DAMN.,HUMBLE.,7KXjTSCq5nL1LoYtL7XAwS,0.908,0.000282,0.621,1,-6.638,0,0.102,5.39e-05,0.0958,0.421,150.011,177000,4
207,Johnny Cash,American IV: The Man Comes Around,Hurt,28cnXtME493VX9NOw9cIUh,0.534,0.649,0.392,9,-7.636,0,0.0267,0.000227,0.0948,0.163,90.379,216533,4
208,Fleurie,Hurts Like Hell,Hurts Like Hell,10Odr9VhsEYfpd3hjoNyl3,0.44,0.666,0.0954,9,-14.335,0,0.0376,9.27e-05,0.113,0.078,129.726,232627,3
209,Coldplay,A Head Full of Dreams,Hymn for the Weekend,3RiPr603aXAoi4GHyXx0uy,0.491,0.211,0.693,0,-6.487,0,0.0377,6.92e-06,0.325,0.412,90.027,258267,4
210,Twenty One Pilots,Trench,The Hype,7I3skNaQdvZSS7zXY2VHId,0.53,0.0105,0.816,9,-6.149,1,0.0503,0.00061,0.379,0.371,87.019,265373,4
211,The 1975,A Brief Inquiry Into Online Relationships,I Always Wanna Die (Sometimes),7iPlcFvOMOzt6v0QvcAueZ,0.376,0.00527,0.473,4,-5.636,1,0.0325,0.00162,0.123,0.0398,148.835,314663,4
212,Three Days Grace,Human,I Am Machine,2UDumaw7osnyjH7RZ2DLpB,0.402,1.29e-05,0.97,2,-4.538,0,0.0668,2.62e-06,0.189,0.476,75.106,200147,4
213,Taylor Swift,reputation Stadium Tour Surprise Song Playlist,I Don’t Wanna Live Forever (Fifty Shades Darker),55n9yjI6qqXh5F2mYvUc2y,0.731,0.0586,0.445,0,-8.418,1,0.0533,1.96e-05,0.14,0.106,117.97,247160,4
214,Aerosmith,I Don't Want To Miss A Thing EP,"I Don't Want to Miss a Thing - From ""Armageddon"" Soundtrack",6lEuFGrUqR9Yc6hSsHPnYP,0.39,0.172,0.649,2,-5.163,1,0.0345,0.0,0.216,0.144,121.16,299760,4
215,The Weeknd,Starboy,I Feel It Coming,3dhjNA0jGA8vHBQ1VdD6vV,0.773,0.428,0.819,0,-5.946,0,0.118,0.0,0.0679,0.585,92.987,269187,4
216,Two Feet,A 20 Something Fuck,I Feel Like I'm Drowning,3aauaXWRgwCMoykMbI0Jq1,0.717,0.708,0.577,8,-5.436,1,0.0491,0.00428,0.0899,0.235,104.927,185520,3
217,Three Days Grace,I Hate Everything About You (Acoustic Version),I Hate Everything About You - Acoustic Version,6XFDGxqrs7V2cKSjw1cv5B,0.688,0.352,0.44,2,-7.726,1,0.0353,0.0,0.0755,0.37,90.508,222653,4
218,The 1975,A Brief Inquiry Into Online Relationships,I Like America & America Likes Me,1RHuBRoACkLRo2vjGqFCwf,0.444,0.0368,0.669,3,-6.23,1,0.0432,0.0,0.109,0.0731,137.977,206756,4
219,The 1975,"I like it when you sleep, for you are so beautiful yet so unaware of it","I like it when you sleep, for you are so beautiful yet so unaware of it",0GwehH5mGy0KaENyLFBTMV,0.329,0.698,0.6,6,-10.064,1,0.0711,0.35,0.083,0.0382,121.402,386088,4
220,Lauv,I Like Me Better,I Like Me Better,1wjzFQodRWrPcQ0AnYnvQ9,0.752,0.535,0.505,9,-7.621,1,0.253,2.55e-06,0.104,0.419,91.97,197437,4
221,Various Artists,Muziek Expres (Op Art),"I Love Her Still, I Always Will",6JeeJuQ7QA7pBb21qlPTwR,0.472,0.557,0.621,2,-8.727,1,0.0415,0.0648,0.366,0.741,113.362,206167,4
222,Radiohead,OK Computer OKNOTOK 1997 2017,I Promise,6V9PDDZ2pHQCUleRXvRYQ1,0.441,0.389,0.435,11,-8.457,0,0.0261,0.0974,0.0982,0.487,155.19,239227,3
223,Ed Sheeran,x (Deluxe Edition),I See Fire,5pY3ovFxbvAg7reGZjJQSp,0.641,0.638,0.176,6,-11.692,1,0.0349,5.14e-06,0.252,0.297,76.031,299147,4
224,Spoon,Gimme Fiction,I Summon You,5956lnyCfA6I4qA5n8vPpT,0.832,0.132,0.672,4,-7.539,0,0.0595,0.0129,0.115,0.945,128.154,235560,4
225,Various Artists,Sad Summer,I Took A Pill In Ibiza,5pq60Nz7n5lUn5qij9L52e,0.636,0.618,0.319,10,-10.065,1,0.0718,1.7e-06,0.125,0.378,74.109,280800,4
226,Mike Posner,"At Night, Alone.",I Took A Pill In Ibiza,3CCyVdprlcXui4ZwMw1hNS,0.637,0.622,0.318,10,-10.07,1,0.0716,1.58e-06,0.125,0.383,74.11,280800,4
227,Various Artists,POPWIKI 3,I Took A Pill In Ibiza - Seeb Remix,1UdmtX2aQBQRe7NlUQVH5r,0.671,0.0347,0.541,7,-13.669,0,0.102,6.69e-06,0.0801,0.755,102.014,201227,4
228,Johnny Cash,I Walk the Line (Original Soundtrack Recording),I Walk the Line,7hxZF4jETnE5Q75rKQnMjE,0.713,0.877,0.258,9,-14.59,1,0.0384,0.00606,0.0967,0.56,98.805,176533,4
229,Akon,Konvicted,I Wanna Love You,6NncjnSD7JLEetWb9KqMRY,0.865,0.0359,0.45,0,-9.387,1,0.0417,1.28e-06,0.308,0.352,99.989,247067,4
230,Queen,The Works (Deluxe Edition 2011 Remaster),I Want To Break Free - Single Remix,2AkmdLbVKS1steeZdy8H1l,0.795,0.0841,0.435,4,-8.927,1,0.0324,0.00026,0.0763,0.596,108.95,258013,4
231,Radiohead,A Moon Shaped Pool,Identikit,3LhtqibvTtjOUrzKs7Vsz1,0.692,0.0635,0.458,11,-9.461,0,0.0403,0.516,0.136,0.35,150.695,266644,4
232,Radiohead,Kid A,Idioteque,7xqeIdLJSf3bgmZ7vUvHrE,0.615,0.0352,0.931,3,-7.8,1,0.24,2.37e-05,0.0914,0.53,137.544,309093,3
233,Billie Eilish,dont smile at me,idontwannabeyouanymore,41zXlQxzTi6cGAjpOXyLYH,0.483,0.737,0.412,7,-8.461,1,0.0402,0.0,0.116,0.247,170.163,203569,3
234,The 1975,"I like it when you sleep, for you are so beautiful yet so unaware of it",If I Believe You,7acYyrZ221WNWbe8IUwMCF,0.682,0.738,0.316,10,-7.791,1,0.0369,0.00748,0.0986,0.329,129.851,380321,3
235,The 1975,If You’re Too Shy (Let Me Know),If You’re Too Shy (Let Me Know),1n4vgMWmmNlXrvyxQFhUEl,0.639,0.0151,0.63,2,-6.1,1,0.0325,0.0374,0.0959,0.218,125.648,319371,4
236,The 1975,If You’re Too Shy (Let Me Know),If You’re Too Shy (Let Me Know) - Edit,3iEqGBZ2wcpVzhiAcwXVC6,0.651,0.00399,0.806,2,-4.842,1,0.0311,0.00455,0.0927,0.386,125.641,239877,4
237,Twenty One Pilots,Twenty One Pilots,Implicit Demand For Proof,3UaFnnUo80mv431WHEzaj9,0.495,0.635,0.262,9,-10.572,0,0.0292,0.00486,0.104,0.287,159.986,291933,3
238,Radiohead,Kid A,In Limbo,1NgvIjkEjkhcIR1pp5Qsir,0.375,0.674,0.634,0,-10.543,1,0.0317,0.828,0.135,0.502,89.752,211000,4
239,Linkin Park,Hybrid Theory (Bonus Edition),In the End,60a0Rd6pjrkxjPbaKzXjfq,0.556,0.00958,0.864,3,-5.87,0,0.0584,0.0,0.209,0.4,105.143,216880,4
240,Daft Punk,Random Access Memories,Instant Crush (feat. Julian Casablancas),2cGxRwrMyEAp8dEbuZaVv6,0.775,0.0422,0.585,10,-9.516,0,0.0271,0.619,0.077,0.518,109.942,337560,4
241,Ariana Grande,Dangerous Woman,Into You,7woND3TZisiEyZY6HQr0Zr,0.623,0.0162,0.734,9,-5.948,1,0.107,1.75e-06,0.145,0.37,107.853,244453,4
242,Rich Brian,Amen,Introvert (feat. Joji),3qbqWUDl9j09PeBaQ6CZgr,0.836,0.14,0.686,1,-4.673,1,0.0413,0.00231,0.0681,0.632,110.029,222259,4
243,Various Artists,Spider-Man: Into the Spider-Verse (Soundtrack From & Inspired by the Motion Picture),Invincible,6VS7wKwtvL2FvTupYSWZ9e,0.724,0.141,0.6,10,-4.391,0,0.29,0.000218,0.104,0.466,86.984,196387,4
244,Linkin Park,A Thousand Suns,Iridescent,07rz54LA3Y2lagmY0DnChZ,0.484,0.198,0.727,0,-6.107,1,0.0358,0.00204,0.107,0.216,120.066,296560,4
245,Black Sabbath,Paranoid,Iron Man (2009 - Remaster),755bvJDSA3LNcNuFgBT9LK,0.334,0.00312,0.828,9,-9.168,1,0.0985,0.0043,0.0949,0.515,157.891,354213,4
246,Twenty One Pilots,Twenty One Pilots,Isle Of Flightless Birds,6cwemXIKrAQeP7TMErGwM3,0.753,0.103,0.421,7,-6.988,1,0.0551,4.03e-05,0.139,0.134,140.031,345507,4
247,Imagine Dragons,Smoke + Mirrors (Deluxe),It Comes Back To You,1iQbbaCHErMsmP6eUQyVvf,0.634,0.0789,0.749,0,-7.895,1,0.029,0.0166,0.0698,0.49,100.002,217400,4
248,The 1975,A Brief Inquiry Into Online Relationships,It's Not Living (If It's Not With You),3TgMcrV32NUKjEG2ujn9eh,0.618,0.000254,0.837,1,-5.338,1,0.0304,0.000378,0.0618,0.526,121.227,248336,4
249,Radiohead,In Rainbows,Jigsaw Falling Into Place,15ea10YpJIl3mJq75yzqsD,0.461,0.105,0.833,11,-6.082,0,0.0481,0.00419,0.0741,0.808,165.635,248893,4
250,XXXTENTACION,17,Jocelyn Flores,7m9OqQk4RVRkw9JJdeAw96,0.872,0.469,0.391,0,-9.144,0,0.242,4.13e-06,0.297,0.437,134.021,119133,4
251,Twenty One Pilots,Blurryface,The Judge,1lguQJjlNrIOoOylYVZN3M,0.423,0.177,0.797,0,-4.659,1,0.124,0.0,0.137,0.592,82.617,297760,4
252,Twenty One Pilots,Trench,Jumpsuit,1E1uGhNdBe6Dddbgs2KqtZ,0.62,0.00849,0.61,11,-8.329,0,0.0373,0.162,0.205,0.235,127.052,238560,4
253,Petit Biscuit,We Were Young (The Playlist),Jungle,7dF4sXP1ISIharu35gQ86k,0.363,0.302,0.655,6,-6.582,1,0.0769,0.0679,0.103,0.0581,171.664,273904,4
254,Cavetown,Dear.,Just Add Water,1Hzox4IFMVyflRTL1Nv8D1,0.695,0.218,0.389,9,-11.061,0,0.0482,0.0,0.0693,0.428,128.988,247831,4
255,Radiohead,OK Computer OKNOTOK 1997 2017,Karma Police - Remastered,24yaR0CyO2oRISmeL2AvVj,0.389,0.0397,0.577,7,-7.578,1,0.0276,5.23e-05,0.107,0.367,74.551,261427,4
256,Radiohead,Kid A,Kid A,4x7XJOE2ml2P3o3i77466j,0.63,0.261,0.429,5,-15.54,1,0.0356,0.85,0.309,0.168,112.93,284507,4
257,OneRepublic,Oh My My (Deluxe),Kids,4IG7IRfkbeLBGaQLGWwNPS,0.596,0.0175,0.739,2,-6.192,1,0.0398,0.0,0.309,0.217,100.003,238387,4
258,DNCE,Kissing Strangers,Kissing Strangers,1NkwZ9TnIs8js6G0M6M7RU,0.772,0.0547,0.744,7,-5.803,1,0.0398,0.0,0.0852,0.86,120.067,202480,4
259,Guns N' Roses,Use Your Illusion II,Knockin' On Heaven's Door,4JiEyzf0Md7KEFFGWDDdCr,0.496,0.0211,0.739,6,-7.193,1,0.0415,0.00444,0.106,0.378,132.41,336000,4
260,Y2K,Lalala,Lalala,51Fjme0JiitpyXKuyQiCDo,0.843,0.181,0.391,2,-7.899,1,0.0845,0.0,0.137,0.496,129.972,160627,4
261,Twenty One Pilots,Blurryface,Lane Boy,2P61EK6DMGyVyssLWS4fKy,0.616,0.0573,0.811,7,-4.804,1,0.0626,1.57e-05,0.0566,0.913,159.929,253093,4
262,Various Artists,Cleopatra Girls,Laughing on the Outside,3DofkfU0559aayAElVjEIr,0.384,0.822,0.419,5,-9.712,1,0.0426,0.00152,0.267,0.427,98.637,140453,3
263,Major Lazer,Peace Is The Mission (Extended),Lean On,1Lim1Py7xBgbAkAys3AGAG,0.723,0.00346,0.809,7,-3.081,0,0.0625,0.00123,0.565,0.274,98.007,176561,4
264,Switchfoot,Learning To Breathe,Learning To Breathe,3rQvHJ2K1g9tnIcL51eEWE,0.524,0.000374,0.912,7,-3.755,1,0.0315,0.0424,0.302,0.499,155.921,275467,4
265,Tom Walker,Leave a Light On,Leave a Light On,7dVfZEOBdC01vCFbXDVOxT,0.586,0.0153,0.624,5,-5.946,1,0.113,1.78e-06,0.133,0.267,68.976,185863,4
266,Tom Walker,What a Time To Be Alive,Leave a Light On,4iVVU8DyQvOVsKafv3KWIF,0.585,0.0146,0.625,5,-5.94,1,0.109,1.8e-06,0.131,0.28,68.68,185863,4
267,The Neighbourhood,I'm Sorry...,Leaving Tonight,0p8dPSu0ZGzGYbOhWwenXS,0.565,0.0147,0.675,9,-5.439,0,0.0309,0.0,0.102,0.21,119.959,203867,4
268,Twenty One Pilots,Trench,Legend,1CDVadnneswMxi6gBqJTtC,0.716,0.0948,0.575,0,-6.209,1,0.0368,0.000257,0.0829,0.797,85.937,172560,4
269,Ed Sheeran,+,Lego House,5ubHAQtKuFfiG4FXfLP804,0.592,0.562,0.637,11,-8.48,1,0.0992,0.0,0.13,0.565,159.701,185093,4
270,Cavetown,Lemon Boy,Lemon Boy,0ZTjo2BjVAicpu6LRusfeg,0.507,0.184,0.478,4,-10.054,1,0.0396,1.62e-06,0.0891,0.318,139.927,272903,4
271,Radiohead,OK Computer OKNOTOK 1997 2017,Let Down - Remastered,7BOXzaH1Rv9JLUgwvAkID5,0.364,8.69e-05,0.752,9,-7.125,1,0.0312,0.361,0.093,0.122,102.754,299280,4
272,Various Artists,Spider-Man: Into the Spider-Verse (Soundtrack From & Inspired by the Motion Picture),Let Go,5F2AuFzEiuAQD0JVNjVJQz,0.764,0.463,0.725,7,-8.812,1,0.0576,5.91e-06,0.109,0.0794,100.063,177653,4
273,DJ Snake,Encore,Let Me Love You,5Qjv35Ja2TDt9CXRRo51hh,0.492,0.0838,0.714,8,-5.327,1,0.0442,3.11e-05,0.13,0.146,99.602,205907,4
274,Twenty One Pilots,Trench,Levitate,2uBhGx3m5iJrtsql8Qk00j,0.7,0.0857,0.934,6,-5.941,0,0.17,0.226,0.114,0.224,92.973,145947,4
275,Imagine Dragons,Levitate (From The Original Motion Picture “Passengers”),Levitate - From The Original Motion Picture “Passengers”,60EFFQmSfrNMPUMGnfxBbO,0.403,0.0307,0.682,11,-5.476,1,0.0351,0.0,0.186,0.233,79.841,198173,4
276,Lorde,Melodrama,Liability,6Kkt27YmFyIFrcX3QXFi2o,0.587,0.92,0.229,10,-11.254,0,0.128,0.0,0.1,0.379,75.67,171728,4
277,Coldplay,Viva La Vida (Prospekt's March Edition),Life in Technicolor,7HD0RkIdJi0RxY6DWRktm3,0.288,0.0102,0.662,9,-10.482,1,0.0347,0.944,0.498,0.254,131.056,149133,4
278,Christian Löffler,Graal (Prologue),Like Water (feat. Mohna),2YG3fktEoHQAUlXP9VtmRN,0.583,0.515,0.48,0,-13.496,0,0.0499,0.882,0.089,0.0389,109.999,217581,4
279,Jeff Buckley,Grace,Lilac Wine,1StXVL5gClph4z4XzanYko,0.262,0.827,0.0847,7,-16.413,1,0.04,4.82e-05,0.0938,0.0693,180.562,272920,3
280,Aerosmith,Get A Grip,Livin' On The Edge,4avSaixVwu8uqfSs7zgoj3,0.399,0.0019,0.881,2,-4.341,1,0.0347,0.00429,0.39,0.272,84.58,380893,4
281,Khalid,American Teen,Location,152lZdxL1OR0ZMW6KquMif,0.736,0.33,0.449,1,-11.462,0,0.425,0.000162,0.0898,0.326,80.126,219080,4
282,Akon,Trouble,Lonely,1IpYDWB31L1CxDQZztadSi,0.629,0.331,0.532,5,-7.88,0,0.0352,0.0,0.238,0.619,90.098,235800,4
283,Mazzy Star,Among My Swan,Look On Down From The Bridge,010ALbbh5KlQ4fKWgSdhRd,0.37,0.642,0.0772,0,-19.322,1,0.0414,0.69,0.112,0.0954,119.942,287893,4
284,Daft Punk,Random Access Memories,Lose Yourself to Dance (feat. Pharrell Williams),5CMjjywI0eZMixPeqNd75R,0.832,0.0839,0.659,10,-7.828,0,0.057,0.00114,0.0753,0.674,100.163,353893,4
285,Bandshes,Lost Cities,Lost Cities,71yLkFByEXJhduvZ0MSBCm,0.49,0.972,0.0155,0,-22.138,1,0.055,3.72e-06,0.102,0.202,54.694,188732,4
286,Son Lux,Lanterns,Lost It To Trying,7frqaCMi7gVCD7JBuDrmEd,0.423,0.0831,0.833,4,-6.903,0,0.0917,0.0414,0.0691,0.271,160.014,282587,4
287,Two Feet,Love Is a Bitch,Love Is a Bitch,6MiVIH3fQlmz44jGx2DXn4,0.532,0.614,0.178,9,-9.754,0,0.0541,0.14,0.0985,0.103,149.879,181467,3
288,The 1975,A Brief Inquiry Into Online Relationships,Love It If We Made It,6WmIyn2fx1PKQ0XDpYj4VR,0.472,0.000607,0.745,4,-5.297,1,0.0356,2.74e-05,0.0957,0.0631,180.06,252926,4
289,The 1975,"I like it when you sleep, for you are so beautiful yet so unaware of it",Love Me,6EgVSMji1i14nDCDYg3O9A,0.632,0.00689,0.8,0,-3.328,0,0.0357,4.51e-05,0.611,0.909,97.021,222039,4
290,Ellie Goulding,Delirium (Deluxe),"Love Me Like You Do - From ""Fifty Shades Of Grey""",3zHq9ouUJQFQRf3cm1rRLu,0.262,0.247,0.606,8,-6.646,1,0.0484,0.0,0.125,0.275,189.857,252534,4
291,Billie Eilish,lovely (with Khalid),lovely (with Khalid),0u2P5u6lvoDfwTYjAADbn4,0.351,0.934,0.296,4,-10.109,0,0.0333,0.0,0.095,0.12,115.284,200186,4
292,The 1975,"I like it when you sleep, for you are so beautiful yet so unaware of it",Loving Someone,0WhUTdc9uKHGHKzxI2uowq,0.583,0.065,0.657,7,-6.904,1,0.0461,0.00112,0.133,0.186,90.012,260420,4
293,The 1975,"I like it when you sleep, for you are so beautiful yet so unaware of it",Loving Someone,4p1pxmqtPtPHqWbOd2RgXu,0.583,0.0572,0.654,7,-6.89,1,0.0472,0.00116,0.133,0.191,90.021,260427,4
294,Juice WRLD,Goodbye & Good Riddance,Lucid Dreams,285pBltuF7vW8TeWk8hdRR,0.511,0.349,0.566,6,-7.23,0,0.2,0.0,0.34,0.218,83.903,239836,4
295,Linkin Park,Meteora (Bonus Edition),Lying from You,4qVR3CF8FuFvHN4L6vXlB1,0.535,0.00777,0.951,3,-3.324,0,0.18,0.0,0.0669,0.723,160.102,175373,4
296,Coldplay,Ghost Stories,Magic,23khhseCLQqVMCIT1WMAns,0.738,0.0266,0.482,6,-8.917,0,0.0402,0.621,0.106,0.352,93.457,285014,4
297,Johnny Cash,American IV: The Man Comes Around,The Man Comes Around,3eGQ7TL038M84i4B8TAJzm,0.624,0.553,0.594,0,-7.927,1,0.138,0.0808,0.952,0.753,96.874,266733,4
298,Mike Posner,A Matter Of Time,A Matter Of Time,6xkjogS28ibO1wWfKb8trn,0.842,0.0489,0.738,7,-6.633,0,0.0446,2.08e-06,0.0831,0.733,105.967,198191,4
299,Various Artists,Spider-Man: Into the Spider-Verse (Soundtrack From & Inspired by the Motion Picture),Memories,2CWOMDYFK4Ef3867nEhnVM,0.567,0.0519,0.651,5,-7.146,0,0.0554,0.0,0.183,0.519,93.989,199147,4
300,Maroon 5,Memories,Memories,2b8fOow8UzyDFAE27YhOZM,0.764,0.837,0.32,11,-7.209,1,0.0546,0.0,0.0822,0.575,91.019,189486,4
301,The 1975,The 1975 (Deluxe),Menswear,1rNkNZPRFBYerOHmXcx79c,0.708,0.541,0.539,1,-10.281,1,0.0681,0.0179,0.0856,0.159,97.015,206738,4
302,Linkin Park,A Thousand Suns,The Messenger,1lMThvr8PuUlB9gIvgnehE,0.527,0.72,0.209,7,-12.113,1,0.0283,0.0,0.116,0.362,62.663,181893,4
303,Coldplay,Ghost Stories,Midnight,4GKk1uNzpxIptBuaY97Dkj,0.548,0.615,0.475,1,-12.42,1,0.0355,0.808,0.0944,0.0349,126.974,294667,4
304,OTR,Midnight Sun (With Ukiyo),Midnight Sun (With Ukiyo),0Kq8SX54YdCwbjm4hsVo49,0.4,0.216,0.618,7,-9.36,1,0.0345,0.761,0.091,0.07,170.02,235765,4
305,Twenty One Pilots,Vessel,Migraine,4rfaoyaZvNa60cj3OKSQV9,0.69,0.11,0.678,0,-6.52,1,0.154,0.0,0.246,0.409,173.995,239015,4
306,Tomppabeats,Harbor,Monday Loop,5qC17VMNoZdF2gAw28FtsV,0.742,0.872,0.384,10,-8.533,1,0.043,0.00305,0.132,0.354,69.006,91505,3
307,Pink Floyd,The Dark Side of the Moon,Money,0vFOzaXqZHahrZp6enQwQb,0.469,0.0241,0.537,9,-10.421,1,0.152,0.00201,0.269,0.783,124.193,382834,1
308,XXXTENTACION,?,Moonlight,0JP9xo3adEtGSdUEISiszL,0.921,0.556,0.537,9,-5.723,0,0.0804,0.00404,0.102,0.711,128.009,135090,4
309,Twenty One Pilots,Trench,Morph,01vv2AjxgP4uUyb8waYO5Y,0.734,0.0747,0.607,8,-7.249,0,0.0806,0.000577,0.0968,0.518,90.023,258853,4
310,Pink Floyd,The Wall,Mother,1GEOSS415bZVHNuXWlCT6b,0.578,0.243,0.15,7,-17.335,1,0.0334,0.00707,0.0825,0.121,135.331,334893,4
311,Hans Zimmer,Interstellar (Original Motion Picture Soundtrack),Mountains,2gM5SPRqJD7brzw2mbZE7D,0.304,0.59,0.0585,9,-16.949,0,0.0351,0.928,0.0982,0.0371,119.975,219093,4
312,Sia,"LABRINTH, SIA & DIPLO PRESENT... LSD","Mountains (feat. Sia, Diplo, and Labrinth)",0HCDvbGNsigLpkzCDwpKVr,0.625,0.39,0.601,1,-7.766,1,0.0285,0.0348,0.0894,0.195,85.967,194733,4
313,Hozier,"Wasteland, Baby!",Movement,0SFq19lgG4qbQAZaNZ3xhO,0.381,0.16,0.502,1,-5.505,0,0.0368,6.98e-05,0.0842,0.147,144.3,237800,4
314,Maroon 5,Hands All Over (Revised Asia Standard Version),Moves Like Jagger - Studio Recording From The Voice Performance,3TahdwXB4gJRWVAI00Ejqa,0.722,0.0117,0.761,11,-4.459,0,0.0475,0.0,0.315,0.624,128.044,201493,4
315,Twenty One Pilots,Trench,My Blood,5HeKOKc4phmLn8e4I7EkzD,0.749,0.0563,0.723,1,-6.609,1,0.0432,0.022,0.0977,0.674,108.999,229120,4
316,Damien Rice,My Favourite Faded Fantasy,My Favourite Faded Fantasy,7tDS5ATQal5W6BqH2w9uS3,0.35,0.651,0.233,2,-11.832,1,0.0322,0.00117,0.262,0.101,146.663,371798,3
317,Ed Sheeran,÷ (Deluxe),Nancy Mulligan,35QZaWQRkmnAVqBF1TLCxQ,0.68,0.117,0.852,7,-4.35,1,0.0349,0.0,0.0866,0.858,101.993,179787,4
318,No Rome,RIP Indo Hisashi,Narcissist (feat. The 1975),4qjLvvBh5ZeKEPyShKRf06,0.543,0.218,0.682,3,-5.81,1,0.113,1.53e-06,0.085,0.424,179.969,195502,4
319,Radiohead,Kid A,The National Anthem,01UstUPbzPgq2MNp6h0tVo,0.486,0.00237,0.754,2,-8.552,1,0.0378,0.858,0.224,0.387,91.52,351693,4
320,Imagine Dragons,Origins (Deluxe),Natural,2FY7b99s15jUprqC0M5NCT,0.704,0.217,0.611,2,-6.112,1,0.0409,0.0,0.0812,0.22,100.0,189467,4
321,Phosphorescent,C’est La Vie,New Birth in New England,3YOv5LNRVbrmWnVVyk3Flj,0.56,0.245,0.959,6,-5.493,1,0.0652,0.652,0.531,0.618,103.006,299685,4
322,Ed Sheeran,÷ (Deluxe),New Man,5HDPtsnyb3maFmPL8LLUTG,0.78,0.0559,0.745,7,-3.97,1,0.145,0.0,0.0595,0.862,94.026,189280,4
323,Twenty One Pilots,Trench,Nico and the Niners,5SehvGGC53A7SZKCLXQcyt,0.728,0.0699,0.602,9,-7.748,0,0.185,7.01e-06,0.318,0.328,140.081,225040,4
324,Lord Huron,Strange Trails,The Night We Met,3hRV0jL3vUpRrcy398teAU,0.544,0.969,0.369,2,-9.514,1,0.038,0.279,0.639,0.102,87.01,208212,3
325,Radiohead,OK Computer OKNOTOK 1997 2017,No Surprises - Remastered,5O3FBCAj4Y3rvPXrEmlinc,0.274,0.0392,0.449,5,-9.303,1,0.0279,0.0043,0.114,0.0797,76.154,228387,4
326,Hans Zimmer,Interstellar (Original Motion Picture Soundtrack) [Deluxe Version],No Time for Caution,1W6LZGinxm6voDaC8NVnDU,0.262,0.0545,0.224,9,-20.231,0,0.0463,0.95,0.118,0.0388,119.715,246272,4
327,Linkin Park,Meteora (Bonus Edition),Nobody's Listening,1EU3VuKGZOvd1HTkxLPUXK,0.502,0.105,0.831,2,-3.723,1,0.295,1.3e-06,0.174,0.451,199.972,178867,3
328,bülow,Damaged Vol. 1,Not A Love Song,45iMwUi9OBJlEIsTJ4AStR,0.743,0.128,0.523,7,-10.288,1,0.0867,0.000124,0.135,0.316,92.006,192293,4
329,Starship,No Protection,Nothing's Gonna Stop Us Now,3X7uFMzJrEE0sxn62qd8Ch,0.643,0.0298,0.801,6,-4.921,1,0.0228,0.0,0.0719,0.534,95.988,270333,4
330,Guns N' Roses,Greatest Hits,November Rain,5fUqUyQfhghjAmhFMqKDEw,0.249,0.0186,0.662,11,-8.305,1,0.0297,0.309,0.105,0.216,83.643,536960,4
331,Radiohead,In Rainbows,Nude,5k7VKj1Xwy5DjO4B0PdAOb,0.537,0.833,0.342,4,-9.785,1,0.0338,0.6,0.0856,0.156,128.331,255387,3
332,Linkin Park,Meteora,Numb,2nLtzopw4rPReszdYBJU6h,0.496,0.0046,0.863,9,-4.153,1,0.0381,0.0,0.639,0.243,110.018,185587,4
333,Radiohead,A Moon Shaped Pool,The Numbers,6f6pEjgfTtuRROmJ4a7Gf3,0.282,0.652,0.372,5,-9.771,1,0.0316,0.416,0.0754,0.0552,105.215,345887,3
334,Coldplay,Ghost Stories,O,77yuzxCS3csrgTPSW0pvyk,0.371,0.911,0.216,10,-14.727,1,0.0358,0.826,0.0934,0.0645,136.998,323480,4
335,Billie Eilish,dont smile at me,ocean eyes,7hDVYcQq6MxkdJGweuCtl9,0.511,0.816,0.363,4,-7.65,0,0.041,0.0317,0.084,0.169,144.892,200379,4
336,Coldplay,Ghost Stories,Oceans,2u4uhtETtcULnkBfFHSnDX,0.194,0.919,0.132,11,-15.783,1,0.0349,0.181,0.159,0.04,74.845,321680,4
337,Twenty One Pilots,Vessel,Ode to Sleep,773xZHHSHJvC1z3AAtWgH6,0.446,0.00891,0.76,7,-3.608,1,0.0453,0.000108,0.232,0.512,150.033,308388,4
338,Eskmo,Language,"Oh in This World of Dread, Carry On",3wByPTenDOSsOQwyX58V0p,0.423,0.0428,0.631,7,-8.06,1,0.0667,0.011,0.0885,0.158,152.916,256862,4
339,OneRepublic,Oh My My (Deluxe),Oh My My,6D6vEVEFVFgctwocglYBLa,0.744,0.0855,0.675,4,-5.292,0,0.0944,0.0028,0.0662,0.665,115.013,218947,4
340,Imagine Dragons,Night Visions (Deluxe),On Top Of The World,05p7wWoGLZIhU0xqWnc9rJ,0.635,0.0893,0.926,0,-5.589,1,0.151,4.53e-06,0.0928,0.761,100.048,189840,4
341,Ed Sheeran,x (Deluxe Edition),One,5TvFfDlVoUWZvfqrhTJzD7,0.464,0.877,0.321,2,-11.12,1,0.0418,0.0,0.0789,0.306,93.528,252760,4
342,Drake,Views,One Dance,5ZKG94fnjiuMH5yrC5S9lS,0.788,0.00899,0.605,1,-5.586,1,0.0578,0.00275,0.318,0.427,103.94,173973,4
343,Linkin Park,Hybrid Theory (Bonus Edition),One Step Closer,3K4HG9evC7dg3N0R9cYqk4,0.492,0.0014,0.969,9,-4.419,1,0.0491,1.32e-06,0.0787,0.538,95.136,157333,4
344,Radiohead,OK Computer OKNOTOK 1997 2017,Palo Alto - Remastered,7BFYY2EFrru8QHolUiKpEE,0.406,0.00777,0.819,2,-7.825,1,0.0738,0.00248,0.11,0.325,116.9,231816,4
345,Twenty One Pilots,Twenty One Pilots,The Pantaloon,6QOZWUCG5vq4xtU3mW2ZA2,0.733,0.158,0.636,9,-6.693,1,0.0299,0.0,0.32,0.591,99.996,213200,4
346,Allie X,CollXtion II,Paper Love,2QffgsYVZkvMQsZmQdgf2L,0.567,0.106,0.685,1,-6.086,0,0.0827,0.00142,0.0674,0.38,189.948,197673,4
347,Linkin Park,Hybrid Theory (Bonus Edition),Papercut,1Vej0qeQ3ioKwpI6FUbRv1,0.524,0.00022,0.939,9,-3.994,1,0.113,0.0,0.623,0.661,150.184,184867,4
348,Coldplay,Mylo Xyloto,Paradise,6nek1Nin9q48AVZcWs9e9D,0.449,0.0509,0.585,5,-6.761,1,0.0268,8.75e-05,0.0833,0.212,139.631,278719,4
349,Guns N' Roses,Appetite For Destruction,Paradise City,3YBZIN3rekqsKxbJc9FZko,0.273,0.0169,0.952,11,-8.762,1,0.0843,0.0111,0.142,0.472,100.271,405640,4
350,Radiohead,OK Computer OKNOTOK 1997 2017,Paranoid Android - Remastered,1QgI14YcWg3tOobXjzlNMl,0.332,0.0275,0.826,2,-7.269,0,0.0497,0.0084,0.234,0.216,125.636,383973,4
351,The 1975,"I like it when you sleep, for you are so beautiful yet so unaware of it",Paris,6mi66Q8esVS4U5Qv0NSqU5,0.794,0.527,0.668,8,-6.516,1,0.0363,0.00107,0.076,0.85,117.014,293077,4
352,Guns N' Roses,Appetite For Destruction (Super Deluxe Edition),Patience,1OEoNpiyqBghuEUaT6Je6U,0.457,0.686,0.297,6,-12.511,1,0.0306,0.000107,0.109,0.333,120.021,354880,4
353,Big Thief,Masterpiece,Paul,1uP8UVMXcTJn28TbhfR2Wo,0.483,0.199,0.263,11,-11.541,1,0.0401,0.000306,0.109,0.166,123.453,183895,4
354,The 1975,People,People,39sJbSgJmIrB9J1pkRbpaX,0.492,3.74e-05,0.926,0,-5.257,1,0.188,0.0187,0.475,0.479,149.957,160008,4
355,Ed Sheeran,÷ (Deluxe),Perfect,0tgVpDi06FyKpA1z0VMD4v,0.599,0.163,0.448,8,-6.312,1,0.0232,0.0,0.106,0.168,95.05,263400,3
356,Ed Sheeran,x (Deluxe Edition),Photograph,1HNkqx9Ahdgi1Ixy2xkKkL,0.614,0.607,0.379,4,-10.48,1,0.0476,0.000464,0.0986,0.201,107.989,258987,4
357,Pink Floyd,Animals,Pigs (Three Different Ones),0gEaeqVRHPzRc7HMXtOKc7,0.419,0.102,0.574,4,-12.221,0,0.089,0.462,0.895,0.345,129.26,685880,4
358,ZAYN,Mind Of Mine (Deluxe Edition),PILLOWTALK,0PDUDa38GO8lMxLCRc4lL1,0.584,0.117,0.7,11,-4.275,1,0.0456,0.0,0.0939,0.438,124.944,202747,4
359,Martin Garrix,Pizza,Pizza,5oAgI7Pzg6vxuKrfapg3Pi,0.381,0.000408,0.712,5,-6.9,1,0.0355,0.589,0.183,0.0378,127.967,255103,4
360,Linkin Park,Hybrid Theory (Bonus Edition),Points of Authority,5egqKwgK5r5rvGD1LrtR7J,0.512,0.03,0.97,8,-3.886,0,0.212,0.0,0.0994,0.427,94.952,200240,4
361,Twenty One Pilots,Blurryface,Polarize,6GmkJJMe9U1tEcrJ3Hq3A1,0.597,0.122,0.666,6,-6.365,0,0.0418,0.00302,0.1,0.626,164.992,226787,4
362,Kendrick Lamar,Black Panther The Album Music From And Inspired By,Pray For Me (with Kendrick Lamar),77UjLW8j5UAGAGVGhR5oUK,0.735,0.0762,0.677,2,-4.979,1,0.093,2.17e-05,0.111,0.188,100.584,211440,4
363,Radiohead,A Moon Shaped Pool,Present Tense,4eruRiSfDY1jdT03hjyi0i,0.479,0.912,0.407,1,-12.428,0,0.0346,0.401,0.11,0.338,91.91,306581,4
364,The 1975,The 1975 (Deluxe),Pressure,5t52WvO8AZpmf23wJqzl0h,0.492,0.0484,0.846,0,-7.104,1,0.067,0.000125,0.0768,0.472,99.034,221392,4
365,Coldplay,Mylo Xyloto,Princess of China,4HXOBjwv2RnLpGG4xWOO6N,0.42,0.00385,0.69,9,-6.221,0,0.0347,0.015,0.287,0.237,85.014,239216,4
366,Muse,Drones,Psycho,383QXk8nb2YrARMUwDdjQS,0.555,0.00114,0.883,2,-3.426,1,0.0341,0.041,0.868,0.507,125.02,316718,4
367,Radiohead,Amnesiac,Pulk/Pull Revolving Doors,4doFWLhPChHDgs89rHs5nr,0.58,5.46e-05,0.625,10,-12.073,0,0.0903,0.725,0.1,0.14,97.043,247267,4
368,Sofi Tukker,Purple Hat,Purple Hat,0bGH7ezs7WdDwpqnsvGf1z,0.777,0.331,0.744,9,-7.42,1,0.204,0.0073,0.088,0.654,94.019,178369,4
369,Kid Cudi,Man On The Moon: The End Of Day,Pursuit Of Happiness (Nightmare),5iSEsR6NKjlC9SrIJkyL3k,0.63,0.484,0.605,0,-8.951,1,0.0414,9.29e-05,0.298,0.266,115.277,295293,4
370,Arcade Fire,Everything Now,Put Your Money on Me,0SaEmR2rdtfsZawPjMYkWg,0.604,0.541,0.768,7,-6.484,1,0.0308,0.0201,0.752,0.645,123.067,353240,4
371,Linkin Park,A Thousand Suns,The Radiance,1fLdh0T7RkbWCRPDXT2XCC,0.348,0.573,0.925,6,-10.886,0,0.546,0.000363,0.363,0.0381,87.71,57800,4
372,Queen,The Works (2011 Remaster),Radio Ga Ga - Remastered 2011,1nQRg9q9uwALGzouOX5OyQ,0.744,0.183,0.502,5,-7.719,1,0.0359,0.000228,0.189,0.66,112.344,348227,4
373,Imagine Dragons,Night Visions (Deluxe),Radioactive,1PzoM54jr13a5eUfCycMKc,0.448,0.106,0.784,9,-3.686,1,0.0627,0.000108,0.668,0.236,136.245,186813,4
374,Imagine Dragons,Night Visions (Deluxe),Radioactive,6nDAs3PRe37fgqLfx51lBB,0.496,0.0376,0.884,11,-3.915,0,0.209,1.37e-06,0.44,0.287,139.913,275507,4
375,Radiohead,In Rainbows,Reckoner,56Z7hbyMrndw1naxb6I5Oi,0.518,0.511,0.656,4,-7.438,0,0.0264,0.156,0.0679,0.203,104.282,290213,4
376,Linkin Park,A Thousand Suns,The Requiem,3a21QmaOb3LNSCNLv3qEk9,0.37,0.838,0.55,11,-11.393,0,0.304,0.264,0.674,0.031,170.097,121120,4
377,XXXTENTACION,17,Revenge,5TXDeTFVRVY7Cvt0Dw4vWW,0.746,0.782,0.251,11,-16.169,0,0.259,0.00203,0.106,0.18,139.999,120027,4
378,Twenty One Pilots,Blurryface,Ride,2Z8WuEywRWYTKe1NybPQEW,0.645,0.00835,0.713,6,-5.355,1,0.0393,0.0,0.113,0.566,74.989,214507,4
379,Akon,Freedom,Right Now (Na Na Na),2VqAEP1yY5T523K7bZtL8a,0.83,0.262,0.857,8,-4.194,0,0.152,0.0,0.413,0.607,137.982,240747,4
380,Johnny Cash,Ring Of Fire: The Best Of Johnny Cash,Ring of Fire,6YffUZJ2R06kyxyK6onezL,0.659,0.623,0.585,7,-8.189,1,0.0288,0.000213,0.348,0.784,104.111,158427,4
381,The 1975,The 1975,Robbers,6BkUBVHoGXjOF3bpBkQ4aP,0.62,0.000325,0.694,4,-6.829,1,0.0293,1.89e-05,0.331,0.35,99.799,254493,4
382,The 1975,The 1975 (Deluxe),Robbers,7hQDDQtAM75RT6ChS8FV9Q,0.621,0.000332,0.702,4,-6.845,1,0.0295,1.49e-05,0.322,0.374,99.808,254510,4
383,Post Malone,beerbongs & bentleys,rockstar (feat. 21 Savage),0e7ipj03S05BNilyu5bRzt,0.585,0.124,0.52,5,-6.136,0,0.0712,7.01e-05,0.131,0.129,159.801,218147,4
384,Adele,21,Rolling in the Deep,1eq1wUnLVLg4pdEfx9kajC,0.73,0.138,0.77,8,-5.114,1,0.0298,0.0,0.0473,0.507,104.948,228093,4
385,The Chainsmokers,Roses,Roses,3vv9phIu6Y1vX3jcqaGz5Z,0.713,0.0435,0.802,4,-7.055,1,0.0561,0.00377,0.309,0.343,100.001,226739,4
386,Lorde,Pure Heroine (Extended),Royals,7BFI9QZPQKgYuR2HhDgwbG,0.674,0.121,0.428,7,-9.504,1,0.122,0.0,0.132,0.337,84.878,190185,4
387,FRENSHIP,Truce - EP,Run Wild,59otQEhQRqWjgjbuQnx6wY,0.643,0.0246,0.714,5,-6.112,0,0.0392,0.023,0.0946,0.677,92.012,248213,4
388,Coldplay,A Rush of Blood to the Head,A Rush of Blood to the Head,4JJ5zGKnb1IpERyBrfmb1y,0.525,0.156,0.472,5,-8.018,1,0.0255,4.39e-06,0.29,0.116,138.39,351400,4
389,XXXTENTACION,?,SAD!,3ee8Jmje8o58CHK66QrVC2,0.74,0.258,0.613,8,-4.88,1,0.145,0.00372,0.123,0.473,75.023,166606,4
390,Various Artists,Spider-Man: Into the Spider-Verse (Soundtrack From & Inspired by the Motion Picture),Save The Day (feat. Coi Leray & LouGotCash),0vkzRCT7wzqWCFJw5TN1MQ,0.871,0.00391,0.751,6,-8.042,0,0.0788,0.0,0.0853,0.787,139.984,178720,4
391,Various Artists,Spider-Man: Into the Spider-Verse (Soundtrack From & Inspired by the Motion Picture),Scared of the Dark (feat. XXXTENTACION),3vWzyGTu6Ovo1GdrcJqH6e,0.443,0.0468,0.623,0,-6.717,0,0.0718,0.0,0.247,0.156,79.365,233000,4
392,Nucleya,Raja Baja,Scene Kya Hai,1Tm8tDWXPkddbkyALZN8Y6,0.664,0.00185,0.899,0,-6.827,1,0.232,9.52e-06,0.732,0.692,142.025,152113,4
393,Coldplay,A Rush of Blood to the Head,The Scientist,75JFxkI2RXiU7L9VXzMkle,0.557,0.731,0.442,5,-7.224,1,0.0243,1.46e-05,0.11,0.213,146.277,309600,4
394,Imagine Dragons,Smoke + Mirrors (Deluxe),Second Chances,4MwJiGr3drOvyYvbjgXPCW,0.401,0.171,0.567,10,-9.131,1,0.0355,0.00859,0.103,0.362,171.059,217973,3
395,The Weeknd,Starboy,Secrets,00NAQYOP4AmWR549nnYJZu,0.664,0.0155,0.771,0,-5.779,1,0.0533,9.6e-06,0.46,0.763,109.945,265600,4
396,OneRepublic,Waking Up,Secrets,1NhPKVLsHhFUHIOZ32QnS2,0.516,0.0717,0.764,2,-6.223,1,0.0366,0.0,0.115,0.376,148.021,224693,4
397,Wiz Khalifa,See You Again (feat. Charlie Puth),See You Again (feat. Charlie Puth),2JzZzZUQj3Qff7wapcbKjc,0.689,0.369,0.481,10,-7.503,1,0.0815,1.03e-06,0.0649,0.283,80.025,229526,4
398,Adele,25,Send My Love (To Your New Lover),3KZcrZ36LW9RnChK1iIkth,0.688,0.0356,0.532,6,-8.361,0,0.0875,3.08e-06,0.172,0.565,164.068,223079,4
399,The 1975,The 1975 (Deluxe),Settle Down,06Qsdo6m545EBO4LXM9nHn,0.596,0.00303,0.951,2,-5.292,1,0.051,9.16e-05,0.789,0.843,107.119,239893,4
400,Ed Sheeran,÷ (Deluxe),Shape of You,7qiZfU4dY1lWllzX7mPBI3,0.825,0.581,0.652,1,-3.183,0,0.0802,0.0,0.0931,0.931,95.977,233713,4
401,The 1975,The 1975 (Deluxe),She Way Out,73GeJojHqKJP8oHafhKxh6,0.62,0.00425,0.853,4,-4.737,0,0.0349,0.0,0.103,0.237,116.974,239252,4
402,Billy Joel,The Stranger (Legacy Edition),She's Always a Woman,5RgFlk1fcClZd0Y4SGYhqH,0.292,0.797,0.324,3,-11.996,1,0.0346,0.000473,0.12,0.384,176.631,201373,3
403,The 1975,"I like it when you sleep, for you are so beautiful yet so unaware of it",She's American,3sxry4cUZ8PggU5xezJG0W,0.641,0.162,0.855,1,-3.942,1,0.0554,0.000275,0.0821,0.576,115.966,270103,4
404,Pink Floyd,Wish You Were Here,Shine On You Crazy Diamond (Pts. 1-5),6pnwfWyaWjQiHCKTiZLItr,0.266,0.771,0.294,7,-11.938,0,0.0291,0.697,0.107,0.0397,137.941,811077,3
405,Pink Floyd,Wish You Were Here,Shine On You Crazy Diamond (Pts. 6-9),21j1PsCiTaO8ZW88UZrh3A,0.287,0.577,0.485,7,-13.155,0,0.0498,0.898,0.322,0.127,135.86,747325,3
406,Royal Philharmonic Orchestra,Best of Rpo,Shine On You Crazy Diamonds,4kJKgK2KAyY3IzoAEHXQmh,0.201,0.471,0.366,7,-10.966,0,0.0298,0.696,0.11,0.0593,67.206,582893,3
407,Imagine Dragons,Smoke + Mirrors (Deluxe),Shots,2h6HdN3oPr4JijIQV29hv1,0.552,0.00713,0.76,11,-6.861,0,0.0367,0.0113,0.313,0.338,104.957,232333,4
408,Sufjan Stevens,Carrie & Lowell,Should Have Known Better,5I6y1KWmUoV5YCaIEcs1qs,0.571,0.979,0.172,7,-20.7,1,0.0318,0.275,0.124,0.297,90.972,307698,4
409,The Clash,Combat Rock (Remastered),Should I Stay or Should I Go - Remastered,39shmbIHICJ2Wxnk1fPSdz,0.742,0.079,0.833,2,-6.463,1,0.115,0.0,0.384,0.816,113.375,188987,4
410,Ariana Grande,Dangerous Woman,Side To Side,2RTZ2xrCv92odRAHdpN1IB,0.645,0.0415,0.725,6,-5.816,0,0.184,0.0,0.165,0.67,159.169,226160,4
411,Harry Styles,Harry Styles,Sign of the Times,5Ohxk2dO5COHF1krpoPigN,0.516,0.0275,0.595,5,-4.63,1,0.0313,0.0,0.109,0.222,119.972,340707,4
412,The 1975,A Brief Inquiry Into Online Relationships,Sincerity Is Scary,6HguG9HRb1Ke1bhihfE4m8,0.664,0.0495,0.524,2,-5.178,1,0.0283,8.18e-06,0.075,0.475,91.027,225956,4
413,Alan Walker,Different World,Sing Me to Sleep,1tfVpMI8G6EakZU4rEja4w,0.474,0.0129,0.622,4,-6.381,0,0.061,3.82e-06,0.327,0.158,176.062,187800,4
414,The Weeknd,Starboy,Six Feet Under,4mU5iXHeLgbR94siF7p1sY,0.772,0.129,0.504,6,-8.219,0,0.0761,0.0,0.125,0.244,140.035,237573,4
415,Linkin Park,LIVING THINGS,SKIN TO BONE,4JqgUZ4yZqjeEmgJNsuUjX,0.471,0.0435,0.977,9,-3.593,0,0.054,0.0777,0.433,0.762,159.992,168347,4
416,Coldplay,Ghost Stories,A Sky Full of Stars,0FDzzruyVECATHXKHFs9eJ,0.545,0.00617,0.675,6,-6.474,1,0.0279,0.00197,0.209,0.162,124.97,267867,4
417,Adele,Skyfall,Skyfall,6VObnIkLVruX4UVyxWhlqm,0.346,0.417,0.552,0,-6.864,0,0.0282,0.0,0.114,0.0789,75.881,286480,4
418,Joji,BALLADS 1,SLOW DANCING IN THE DARK,0rKtyWc8bvkriBthvHKY8d,0.515,0.544,0.479,3,-7.458,1,0.0261,0.00598,0.191,0.284,88.964,209274,4
419,Akon,Konvicted,Smack That,3qKGvSu1inEZKwYQnMavNA,0.94,0.317,0.743,5,-5.166,0,0.0475,0.0,0.0909,0.932,118.988,212360,4
420,Nirvana,Nevermind (Remastered),Smells Like Teen Spirit,5ghIJDpPoe3CfHMGu71E6T,0.502,2.55e-05,0.912,1,-4.556,1,0.0564,0.000173,0.106,0.72,116.761,301920,4
421,American Pleasure Club,Tour Tape,Smoking Rock With My Angel in Milwaukee,2uUTpb3vTjl00kR3unOXA6,0.635,0.439,0.659,7,-6.874,1,0.0326,0.0191,0.233,0.231,105.998,209225,4
422,Slipknot,All Hope Is Gone,Snuff,3RptaQ5Xb8WvtpItZ2f9Hi,0.544,0.012,0.69,6,-5.723,0,0.0425,0.0095,0.0615,0.219,123.962,276147,4
423,The 1975,Somebody Else,Somebody Else,1JIWyERVO0MWPBC5W7OF2Q,0.618,0.204,0.793,0,-5.711,1,0.0601,0.0154,0.126,0.459,101.015,347526,4
424,The 1975,"I like it when you sleep, for you are so beautiful yet so unaware of it",Somebody Else,0z5hY7soxh7zU5HFTcT3xs,0.63,0.393,0.784,0,-5.578,1,0.0563,0.0361,0.166,0.442,101.02,347526,4
425,The 1975,"I like it when you sleep, for you are so beautiful yet so unaware of it",Somebody Else,5hc71nKsUgtwQ3z52KEKQk,0.61,0.195,0.788,0,-5.724,1,0.0585,0.0142,0.153,0.472,101.045,347520,4
426,The 1975,"I like it when you sleep, for you are so beautiful yet so unaware of it",Somebody Else,4m0q0xQ2BNl9SCAGKyfiGZ,0.618,0.204,0.793,0,-5.711,1,0.0601,0.0154,0.126,0.459,101.015,347526,4
427,Seth Avett,Seth Avett & Jessica Lea Mayfield Sing Elliott Smith,Somebody That I Used to Know,3Vaozd1MM5UtPiGSFNQQTy,0.586,0.726,0.702,5,-5.793,1,0.0338,0.0,0.102,0.131,91.032,143440,3
428,Seth Avett,Somebody That I Used to Know,Somebody That I Used to Know,1cnvv6E1MiOtGs5R5i4FJn,0.586,0.726,0.702,5,-5.793,1,0.0338,0.0,0.102,0.131,91.032,143440,3
429,Queen,A Day At The Races (Deluxe Edition 2011 Remaster),Somebody To Love - Remastered 2011,4rDbp1vnvEhieiccprPMdI,0.406,0.186,0.698,8,-7.024,1,0.0624,0.0,0.233,0.333,109.266,296480,3
430,Nirvana,Nevermind (Remastered),Something In The Way,1nFtiJxYdhtFfFtfXBv06s,0.427,0.745,0.201,8,-13.044,1,0.0317,0.263,0.109,0.0668,105.218,232147,4
431,The Chainsmokers,Something Just Like This,Something Just Like This,1dNIEtp7AY3oDAKCGg2XkH,0.607,0.0306,0.649,11,-6.695,0,0.0362,2.46e-05,0.174,0.505,102.996,247627,4
432,The Chainsmokers,Memories...Do Not Open,Something Just Like This,6RUKPb4LETWmmr3iAEQktW,0.617,0.0498,0.635,11,-6.769,0,0.0317,1.44e-05,0.164,0.446,103.019,247160,4
433,Linkin Park,Meteora (Bonus Edition),Somewhere I Belong,3fjmSxt0PskST13CSdBUFx,0.451,0.00038,0.951,1,-3.754,1,0.0645,2.39e-06,0.261,0.442,162.065,213933,4
434,Akon,Konvicted,"Sorry, Blame It On Me",5DIwQRUce7d636AT8Czpwk,0.695,0.247,0.647,7,-7.394,1,0.283,4.05e-05,0.0755,0.57,176.031,295747,4
435,The 1975,"I like it when you sleep, for you are so beautiful yet so unaware of it",The Sound,4bHG0fXE9AaytM4G7wta5g,0.648,0.085,0.936,0,-4.745,1,0.0762,6.93e-06,0.482,0.566,120.708,248880,4
436,Beach House,Depression Cherry,Space Song,1ujxjsoNvh4XgS2fUNwkZ2,0.509,0.218,0.79,0,-7.105,0,0.0293,0.125,0.144,0.625,147.073,320467,4
437,Coldplay,X&Y,Speed of Sound,7clUVcSOtkNWa58Gw5RfD4,0.514,0.00488,0.898,11,-6.765,0,0.0577,0.0345,0.0746,0.353,123.067,287907,4
438,The Weeknd,Starboy,Starboy,7MXVkk9YMctZqd1Srtv4MB,0.679,0.141,0.587,7,-7.015,1,0.276,6.35e-06,0.137,0.486,186.003,230453,4
439,Various Artists,Spider-Man: Into the Spider-Verse (Soundtrack From & Inspired by the Motion Picture),Start a Riot,6V81K1OcvYgHEnCA6A2Qx9,0.728,0.0128,0.727,2,-3.585,1,0.206,0.0,0.0882,0.89,143.144,171467,4
440,Radiohead,Pablo Honey,Stop Whispering,2zYmvi3w2T8a9Ckrv21bvW,0.212,0.000849,0.696,2,-10.059,1,0.0472,0.0165,0.129,0.298,122.37,325627,4
441,Kyle Dixon & Michael Stein,"Stranger Things, Vol. 1 (a Netflix Original Series Soundtrack)",Stranger Things,0kwuKfWntoGh0EWyYb7Mpf,0.352,0.779,0.551,4,-16.545,0,0.0362,0.902,0.167,0.103,168.022,67520,4
442,Radiohead,The Bends,Street Spirit (Fade Out),5gz38AxRkD6Ywxd4fr2pLj,0.488,0.314,0.453,4,-11.562,0,0.0304,0.691,0.179,0.129,138.077,253853,4
443,Radiohead,Street Spirit (Fade Out),Street Spirit (Fade Out),4YNzyi99JOdjrnRuXzCs6o,0.488,0.314,0.453,4,-11.562,0,0.0304,0.691,0.179,0.129,138.077,253853,4
444,Twenty One Pilots,Blurryface,Stressed Out,3CRDbSIZ4r5MsZ0YwxuEkn,0.734,0.0462,0.637,4,-5.677,0,0.141,2.29e-05,0.0602,0.648,169.977,202333,4
445,Radiohead,OK Computer OKNOTOK 1997 2017,Subterranean Homesick Alien - Remastered,2kDEGoEVHfpNPMOs7IIG5y,0.326,0.0261,0.636,0,-7.092,1,0.0286,0.00512,0.108,0.256,149.632,269093,3
446,Petit Biscuit,We Were Young (The Playlist),Suffer,4St0HSmeqbId4bcriS3g0R,0.562,0.0262,0.606,0,-6.334,1,0.0999,0.0125,0.166,0.292,97.023,209533,4
447,Maroon 5,V (Asia Tour Edition),Sugar,5d6Mjuu2uCGRPYpFjGpCX5,0.748,0.0591,0.788,1,-7.055,1,0.0334,0.0,0.0863,0.884,120.076,235493,4
448,Lana Del Rey,Born To Die - The Paradise Edition,Summertime Sadness,3BJe4B8zGnqEdQPMvfVjuS,0.565,0.0542,0.654,1,-6.826,0,0.0335,1.8e-06,0.122,0.235,111.968,265427,4
449,Various Artists,Spider-Man: Into the Spider-Verse (Soundtrack From & Inspired by the Motion Picture),Sunflower - Spider-Man: Into the Spider-Verse,3KkXRkHbMCARz0aVfEt68P,0.76,0.556,0.479,2,-5.574,1,0.0466,0.0,0.0703,0.913,89.911,158040,4
450,Petit Biscuit,Presence,Sunset Lover,3WRQUvzRvBDr4AxMWhXc5E,0.785,0.669,0.525,6,-7.556,1,0.042,0.439,0.114,0.251,90.853,238907,4
451,The Neighbourhood,I Love You.,Sweater Weather,2QjOHCTQ1Jl3zawyYOpxh6,0.612,0.0495,0.807,10,-2.81,1,0.0336,0.0177,0.101,0.398,124.053,240400,4
452,Guns N' Roses,Appetite For Destruction,Sweet Child O' Mine,7o2CTH4ctstm8TNelqjb51,0.454,0.0866,0.91,6,-7.766,1,0.0448,0.0996,0.116,0.629,125.116,354520,4
453,Aerosmith,Toys In The Attic,Sweet Emotion,24NwBd5vZ2CK8VOQVnqdxr,0.38,0.00298,0.76,9,-10.961,1,0.0378,0.0294,0.104,0.491,99.437,274133,4
454,Lynyrd Skynyrd,Second Helping,Sweet Home Alabama,7e89621JPkKaeDSTQ3avtg,0.596,0.181,0.605,7,-12.145,1,0.0255,0.000331,0.0863,0.886,97.798,283800,4
455,Various Artists,Music From The Motion Picture Paper Towns,Swingin Party,3t6bWEYhEgvSYlLSqW8v4J,0.81,0.0426,0.685,9,-8.671,1,0.0412,0.348,0.0928,0.482,109.949,238347,4
456,The Dave Brubeck Quartet,Time Out,Take Five,1YQWosTIljIvxAgHWTp7KP,0.454,0.539,0.26,8,-13.193,0,0.0401,0.00078,0.0675,0.598,174.322,324133,5
457,John Denver,"The John Denver Collection, Vol. 1: Take Me Home Country Roads","Take Me Home, Country Roads - Rerecorded",2xYlyywNgefLCRDG8hlxZq,0.255,0.546,0.43,9,-12.564,1,0.0322,1.87e-05,0.188,0.546,164.267,197813,4
458,Nucleya,Raja Baja,Take Me There,6Z2mZdhEIPIT7p263NZNQ0,0.551,0.00614,0.899,6,-4.751,0,0.0658,0.121,0.0859,0.125,154.974,309677,4
459,Khalid,Talk,Talk,0rTV5WefWd1J3OwIheTzxM,0.9,0.0501,0.4,0,-8.443,1,0.124,0.0,0.0876,0.338,136.001,197487,4
460,Khalid,Free Spirit,Talk (feat. Disclosure),6TqXcAFInzjp0bODyvrWEq,0.901,0.051,0.4,0,-8.575,1,0.126,0.0,0.0599,0.346,135.984,197573,4
461,Many Voices Speak,Tank Town,Tank Town,2RNsUbE5KeRMmjliwPzRZG,0.556,0.942,0.164,0,-16.073,1,0.0319,0.274,0.0898,0.135,131.906,287520,4
462,Vampire Weekend,Contra,Taxi Cab,1bkfNYTlzatI8loSL0TXlg,0.694,0.295,0.364,2,-15.761,1,0.0668,0.493,0.0796,0.69,167.941,235733,4
463,Twenty One Pilots,Twenty One Pilots,Taxi Cab,4j8gmCSLLy0TSFg2brV01g,0.567,0.166,0.572,9,-7.694,1,0.0318,0.0,0.103,0.205,138.062,285733,4
464,Vampire Weekend,Contra,Taxi Cab,6000CTcjDKMkA1b7tgLcVi,0.69,0.292,0.363,2,-15.782,1,0.066,0.422,0.0796,0.71,167.979,235733,4
465,Lorde,Pure Heroine (Extended),Team,15jRg8Ejs7X3JEHw38TSN3,0.69,0.167,0.578,6,-7.436,1,0.0929,0.0,0.305,0.416,99.961,193059,4
466,Twenty One Pilots,Blurryface,Tear in My Heart,3bnVBN67NBEzedqQuWrpP4,0.655,0.0189,0.632,2,-4.802,1,0.0489,0.0,0.0722,0.447,120.113,188493,4
467,Bullet For My Valentine,Temper Temper (Deluxe Version),Tears Don't Fall (Part 2),1cCYNgQILq8D3uX2sy50Mv,0.307,0.000133,0.987,7,-4.592,0,0.21,0.00826,0.118,0.114,167.62,338640,4
468,Acoustic Guitar Collective,"Golden Covers, Vol. 3",Tears in Heaven,6pHofpYBx8VWRqmSQpje1b,0.62,0.984,0.0703,9,-16.788,1,0.0636,0.901,0.102,0.461,85.299,218792,4
469,The Avett Brothers,Closer Than Together,Tell The Truth,49FzWoEDUNK9gm8fvg9GNv,0.623,0.851,0.484,4,-8.496,1,0.041,0.000457,0.0982,0.196,124.871,202987,4
470,Ariana Grande,"thank u, next","thank u, next",3e9HZxeyfWwjeyPAMmWSSQ,0.717,0.229,0.653,1,-5.634,1,0.0658,0.0,0.101,0.412,106.966,207320,4
471,Martin Garrix,There for You,There for You,6jA8HL9i4QGzsj6fjoxp8Y,0.611,0.124,0.644,6,-7.607,0,0.0553,0.0,0.124,0.13,105.969,221904,4
472,Ed Sheeran,x (Deluxe Edition),Thinking out Loud,34gCuhDGsG4bRPIf9bb02f,0.781,0.474,0.445,2,-6.061,1,0.0295,0.0,0.184,0.591,78.998,281560,4
473,Imagine Dragons,Evolve,Thunder,1zB4vmk8tFRmM9UULNzbLB,0.605,0.00671,0.822,0,-4.833,1,0.0438,0.134,0.147,0.288,167.997,187147,4
474,Sia,Mountains,Thunderclouds,2c7GlMNmF7pbohjykutmLP,0.691,0.0085,0.716,7,-5.985,1,0.0351,9.06e-06,0.263,0.507,112.035,187027,4
475,Sia,"LABRINTH, SIA & DIPLO PRESENT... LSD","Thunderclouds (feat. Sia, Diplo, and Labrinth)",4lJNen4SMTIJMahALc3DcB,0.69,0.0077,0.714,7,-5.948,1,0.0338,7.23e-05,0.191,0.489,112.009,187027,4
476,Pink Floyd,The Dark Side of the Moon,Time,3TO7bbrUKrOSPGRTB5MeCz,0.358,0.521,0.48,9,-11.79,1,0.0849,0.00428,0.178,0.356,120.317,413947,4
477,Hans Zimmer,Inception (Music From The Motion Picture),Time,6ZFbXIJkuI1dVNWvzJzown,0.221,0.155,0.0879,7,-16.996,1,0.0381,0.698,0.0869,0.0401,126.622,275547,4
478,That 70s Hit Band,"Time in a Bottle (From ""The Ultimate Hits of the 70s"") [Original]","Time in a Bottle (From ""The Ultimate Hits of the 70s"") - Original",0AHEeRSpi6Le1XMbh1mWnZ,0.536,0.88,0.145,2,-17.342,1,0.0356,0.0,0.121,0.625,134.045,146547,3
479,Radiohead,A Moon Shaped Pool,Tinker Tailor Soldier Sailor Rich Man Poor Man Beggar Man Thief,3cual6JOG286qZJmCxKRAT,0.336,0.73,0.435,8,-10.944,0,0.0305,0.797,0.106,0.0507,88.205,303689,4
480,Sufjan Stevens,Seven Swans,To Be Alone With You,3tchJ8gDgMdaSxpaLxlr1F,0.519,0.926,0.163,0,-18.131,0,0.0489,0.751,0.115,0.356,142.116,168040,4
481,Sonny & The Sunsets,Tomorrow Is Alright,Too Young to Burn,2wygBuUWMXrQujBBlwhDCL,0.79,0.731,0.44,10,-10.572,1,0.0335,0.000429,0.24,0.787,110.129,199693,4
482,The 1975,A Brief Inquiry Into Online Relationships,TOOTIMETOOTIMETOOTIME,33DzKnwuBE6lfOiADwzd5E,0.667,0.177,0.824,8,-5.867,1,0.0665,0.0152,0.0933,0.518,114.998,207851,4
483,Daft Punk,Random Access Memories,Touch (feat. Paul Williams),7oaEjLP2dTJLJsITbAxTOz,0.29,0.477,0.412,6,-12.659,0,0.0458,0.0839,0.079,0.12,90.539,498960,4
484,Radiohead,OK Computer OKNOTOK 1997 2017,The Tourist - Remastered,5R8pnOmAwKNh4KnvJW2paN,0.248,0.256,0.328,1,-7.477,0,0.032,0.0781,0.105,0.0398,114.243,323535,5
485,Twenty One Pilots,Vessel,Trees,1yf97yL1ll8FYXC27c9VTw,0.584,0.00359,0.833,6,-5.9,1,0.041,3.44e-05,0.169,0.324,140.013,267387,4
486,Pink Floyd,The Wall,The Trial,1UMXtudajhlocMzXVSngDU,0.41,0.697,0.37,4,-15.757,0,0.0766,0.000144,0.211,0.33,76.926,318846,4
487,Bobby Vinton,Bobby Vinton's Greatest Hits,Trouble Is My Middle Name,5qAAs6ndwSQJ7YZ4wZ3Py8,0.481,0.875,0.204,5,-15.508,1,0.0261,0.0,0.591,0.45,94.868,146627,4
488,The Weeknd,Starboy,True Colors,1oGdVdYjeQvojGKDddxLQQ,0.624,0.286,0.424,1,-8.237,1,0.24,0.0,0.173,0.584,76.671,206013,4
489,Coldplay,Ghost Stories,True Love,0fQuzbQNLcD1ofo7B2NcFI,0.482,0.00376,0.573,11,-7.966,1,0.028,0.077,0.123,0.184,119.991,246000,4
490,Radiohead,A Moon Shaped Pool,True Love Waits,01ZpFhrMMqKPVCwyqXneVp,0.282,0.938,0.132,0,-15.569,1,0.0375,0.104,0.1,0.0379,136.186,283464,4
491,The Weeknd,"My Dear Melancholy,",Try Me,4ppTAJUbNXELZcoUaL90wo,0.456,0.596,0.679,8,-5.778,0,0.064,0.000573,0.129,0.107,92.026,221107,4
492,The 1975,"I like it when you sleep, for you are so beautiful yet so unaware of it",UGH!,5UAUo49GYqxXg7n3s2Ri2k,0.769,0.199,0.717,5,-4.123,0,0.184,0.0,0.0855,0.82,100.065,180026,4
493,Queen,Hot Space (2011 Remaster),Under Pressure - Remastered 2011,2fuCquhmrzHpu5xcA1ci9x,0.671,0.429,0.712,2,-7.815,1,0.0476,0.0,0.103,0.462,113.805,248440,4
494,Kasabian,West Ryder Pauper Lunatic Asylum,Underdog,3PbsDnKdrZY0ttX7VE9s5R,0.526,0.0604,0.894,5,-5.407,0,0.0543,1.33e-06,0.582,0.653,101.017,277467,4
495,Coldplay,A Head Full of Dreams,Up&Up,31L9yLXSj6LpCFupyMV6CR,0.479,0.0488,0.717,7,-5.459,1,0.0605,0.000333,0.102,0.253,163.989,405320,4
496,Daft Punk,Discovery,Veridis Quo,2LD2gT7gwAurzdQDQtILds,0.604,0.479,0.687,9,-13.928,0,0.045,0.95,0.104,0.119,106.896,345187,4
497,Lord Huron,Vide Noir,Vide Noir,1wCrEhvjzB8jSuBvJrsROp,0.715,0.151,0.948,10,-4.76,0,0.0469,0.193,0.0975,0.428,112.017,268560,4
498,Radiohead,In Rainbows,Videotape,3uxhyRdWVXp7GQvERQl6fA,0.581,0.697,0.384,9,-11.195,1,0.0336,0.813,0.0889,0.0466,77.412,279634,4
499,Unlike Pluto,Pluto Tapes: Volume 2,Villain Of My Own Story,1KZZezZg99LVBcfgjTfhFg,0.317,0.783,0.363,4,-7.199,0,0.0299,0.317,0.114,0.0435,75.442,195200,4
500,Coldplay,Viva La Vida (Prospekt's March Edition),Viva La Vida,7fcgisGFCr4mfbfNSztr84,0.489,0.113,0.615,5,-7.185,0,0.0286,4.41e-06,0.156,0.456,138.008,241427,4
501,Coldplay,Viva La Vida or Death and All His Friends,Viva La Vida,1mea3bSkSGXuIRvnydlB5b,0.486,0.0954,0.617,5,-7.115,0,0.0287,3.23e-06,0.109,0.417,138.015,242373,4
502,Pink Floyd,The Wall,Waiting for the Worms,2DVkYfl2YuOMlRfC98srEG,0.568,0.578,0.413,7,-13.594,1,0.0298,0.00589,0.535,0.667,75.866,237098,4
503,Mr Little Jeans,Waking Up - Single,Waking Up,6OeBuYZtNopVOPThVi4fKZ,0.658,0.101,0.554,0,-7.385,1,0.0375,0.0816,0.114,0.515,76.986,240653,4
504,Graham Coxon,The End Of The F***ing World (Original Songs and Score),Walking All Day,3LiqCv5eYgC47T4e6Sxp7d,0.537,0.00692,0.642,0,-7.053,1,0.0355,0.00155,0.111,0.705,176.068,207440,4
505,Jamie Lawson,Jamie Lawson,Wasn't Expecting That,2a5VluIESm1JP4Qwvo02H8,0.591,0.424,0.415,6,-6.936,1,0.0437,0.000299,0.111,0.197,90.483,201072,4
506,Oceans Ahead,The Way,The Way,4gxQjCynwaber3oYIQ5TNr,0.787,0.323,0.634,9,-8.357,1,0.0326,0.402,0.231,0.21,118.024,182017,4
507,Yellow Days,The Way Things Change,The Way Things Change,1kLXQonNqsJxCPFkUet3pV,0.739,0.25,0.453,5,-8.363,0,0.0449,0.0148,0.289,0.636,139.919,248382,4
508,Various Artists,Spider-Man: Into the Spider-Verse (Soundtrack From & Inspired by the Motion Picture),Way Up,7cFFhb9Wz2ZXLSpEk2VDKd,0.585,0.03,0.941,10,-3.278,0,0.145,8.41e-06,0.196,0.45,130.024,153773,4
509,Queen,News Of The World (2011 Remaster),We Are The Champions - Remastered 2011,1lCRw5FEZ1gPDNPzy1K4zW,0.268,0.378,0.459,10,-6.94,1,0.0346,0.0,0.118,0.175,64.177,179200,4
510,Twenty One Pilots,Blurryface,We Don't Believe What's on TV,22OqansuvEMQu9W0EfiGTI,0.547,0.23,0.936,9,-4.023,1,0.102,3.04e-06,0.172,0.642,120.003,177200,4
511,Charlie Puth,Nine Track Mind,We Don't Talk Anymore (feat. Selena Gomez),06KyNuuMOX1ROXRhj787tj,0.728,0.621,0.563,1,-8.053,0,0.134,0.0,0.179,0.352,100.017,217707,4
512,Petit Biscuit,We Were Young,We Were Young,1USj0dJqfBxnOiwiOuB7pU,0.612,0.285,0.588,5,-5.344,1,0.146,1.87e-06,0.116,0.38,99.88,214200,4
513,Queen,News Of The World (2011 Remaster),We Will Rock You - Remastered,4pbJqGIASGPr0ZpGpnWkDn,0.692,0.676,0.497,2,-7.316,1,0.119,0.0,0.259,0.475,81.308,122067,4
514,Radiohead,In Rainbows,Weird Fishes/ Arpeggi,4Iyo50UoYhuuYORMLrGDci,0.538,0.774,0.61,11,-8.027,0,0.0392,0.749,0.0909,0.199,152.999,318187,4
515,Guns N' Roses,Appetite For Destruction,Welcome To The Jungle,0bVtevEgtDIeRjCJbK3Lmv,0.447,0.0235,0.954,8,-8.069,1,0.0751,0.403,0.298,0.331,123.453,272027,4
516,Pink Floyd,Wish You Were Here,Welcome to the Machine,5VWC7v2dC2K0SIIjT9WTLN,0.382,0.52,0.36,0,-12.442,1,0.0365,0.171,0.0747,0.0362,133.273,451681,4
517,Linkin Park,Minutes to Midnight,What I've Done,4wfyFIRnxdIN0v4OGtXcX3,0.623,0.0141,0.93,5,-5.285,1,0.0324,1.64e-06,0.138,0.287,120.119,205613,4
518,Maroon 5,Red Pill Blues (Deluxe),What Lovers Do (feat. SZA),0GxQ1A5L9xnMOytbP6eKBG,0.799,0.0788,0.597,5,-5.131,0,0.0611,5.66e-06,0.1,0.419,110.001,199849,4
519,Various Artists,Spider-Man: Into the Spider-Verse (Soundtrack From & Inspired by the Motion Picture),What's Up Danger (with Black Caviar),5zsHmE2gO3RefVsPyw2e3T,0.701,0.00363,0.755,2,-5.82,1,0.0417,0.000795,0.121,0.116,95.036,222307,4
520,Imagine Dragons,Evolve,Whatever It Takes,6Qn5zhYkTa37e91HC1D7lb,0.672,0.0362,0.655,10,-5.021,0,0.0311,0.0,0.117,0.556,134.945,201240,4
521,Lord Huron,Vide Noir,When the Night is Over,4FE9SgxcOoCNuGnaaU8TXz,0.686,0.103,0.413,6,-6.332,0,0.0263,0.115,0.122,0.595,95.989,311227,3
522,Billie Eilish,"WHEN WE ALL FALL ASLEEP, WHERE DO WE GO?",when the party's over,43zdsphuZLzwA9k4DJhU0I,0.367,0.978,0.111,4,-14.084,1,0.0972,3.97e-05,0.0897,0.198,82.642,196077,4
523,Linkin Park,A Thousand Suns,When They Come for Me,2UhJCu5bn0FbrH7NBYSMUu,0.542,0.00301,0.939,1,-4.246,1,0.049,0.231,0.261,0.414,92.002,293453,4
524,Michl,When You Loved Me Least,When You Loved Me Least,54Or9jvM3jWsZPaxEBBP4Y,0.452,0.463,0.4,10,-8.741,0,0.169,1.73e-05,0.101,0.0958,137.238,216907,4
525,Imagine Dragons,Smoke + Mirrors (Deluxe),Who We Are,236DIFE6J4lbdknreVZSN6,0.483,0.00717,0.657,6,-7.038,0,0.0359,0.274,0.289,0.429,86.963,249347,4
526,Imagine Dragons,Smoke + Mirrors (Deluxe),Who We Are,1YvKsn3ID4XvpwSSiqu1Jc,0.407,0.00746,0.656,6,-7.088,0,0.0413,0.255,0.343,0.39,173.954,249347,4
527,Bob Dylan,Self Portrait,Wigwam,00cs7mlkTcIIoWnm8G0U0l,0.407,0.755,0.47,0,-8.64,1,0.037,0.0216,0.0976,0.227,138.471,188253,4
528,Besomorph,Wilted,Wilted,2C1Zh4eh7M07Hlx97zYVgF,0.507,0.0213,0.695,6,-8.441,0,0.0508,0.00139,0.0892,0.544,95.012,188211,4
529,The Neighbourhood,I'm Sorry...,Wires,4ObATYHHvXXlJJQ4rPKU2s,0.553,0.000439,0.587,7,-5.924,0,0.0327,0.326,0.329,0.28,146.045,192600,4
530,Billie Eilish,"WHEN WE ALL FALL ASLEEP, WHERE DO WE GO?",wish you were gay,3Fj47GNK2kUF0uaEDgXLaD,0.853,0.39,0.351,7,-10.198,1,0.241,9.38e-06,0.752,0.282,118.028,221543,4
531,Pink Floyd,Wish You Were Here,Wish You Were Here,6mFkJmJqdDVQ1REhVfGgd1,0.481,0.735,0.262,7,-15.73,1,0.0414,0.0114,0.832,0.375,122.883,334744,4
532,Linkin Park,Hybrid Theory (Bonus Edition),With You,5uuXtfqM7Wp3idCxyHeOll,0.421,0.0037,0.978,6,-4.004,0,0.302,0.0,0.111,0.359,196.921,203267,4
533,Halsey,Without Me,Without Me,5p7ujcrUXASCNwRaWNHR1C,0.752,0.297,0.488,6,-7.05,1,0.0705,9.11e-06,0.0936,0.533,136.041,201661,4
534,Jon Bellion,The Human Condition,Woke The F*ck Up,6AL3RAEYDNirCDfmAyfmbC,0.712,0.0321,0.627,8,-5.632,1,0.0661,0.0,0.0688,0.518,93.915,219584,4
535,Tina Guo,Wonder Woman Main Theme,Wonder Woman Main Theme,6x2B0LnddEcAReI99h70iv,0.423,0.00714,0.775,11,-9.504,0,0.0867,0.827,0.0883,0.0477,143.996,223873,1
536,Post Malone,Wow.,Wow.,6MWtB6iiXyIwun0YzU6DFP,0.833,0.163,0.539,11,-7.399,0,0.178,2.1e-06,0.101,0.385,99.947,149520,4
537,Post Malone,Hollywood's Bleeding,Wow.,7xQAfvXzm3AkraOtGPWIZg,0.829,0.136,0.539,11,-7.359,0,0.208,1.78e-06,0.103,0.388,99.96,149547,4
538,No Vacation,Yam Yam,Yam Yam,7kyiHjkFdmHcYcIJtFAdaF,0.445,0.319,0.591,7,-9.004,0,0.0316,0.766,0.107,0.0774,137.864,216038,4
539,Coldplay,Parachutes,Yellow,3AJwUDP919kvQ9QcozQPxg,0.429,0.00239,0.661,11,-7.227,1,0.0281,0.000121,0.234,0.285,173.372,266773,4
540,Petit Biscuit,We Were Young (The Playlist),You,1X3jPy56S62Bc3p97OJPAH,0.57,0.949,0.339,9,-13.549,0,0.0645,0.924,0.0968,0.487,162.387,231131,4
541,Radiohead,Amnesiac,You And Whose Army?,6UFvGJalSngqprmUJd59Eo,0.295,0.794,0.15,1,-10.243,0,0.0325,0.208,0.103,0.131,137.393,191000,4
542,Nancy Wilson,How Glad I Am,(You Don't Know) How Glad I Am,4YkN3JlceD5n2aMqL1kFnH,0.529,0.742,0.44,5,-9.11,1,0.0302,1.05e-05,0.328,0.611,103.669,157387,3
543,AC/DC,Who Made Who,You Shook Me All Night Long,6yl8Es1tCYD9WdSkeVLFw4,0.529,0.00224,0.768,7,-5.51,1,0.0566,0.00075,0.297,0.769,127.316,210880,4
544,Fruit Bats,Tripper,You're Too Weird,33ezCcBwVw2SsAvOsFyJSG,0.682,0.0421,0.837,7,-7.902,1,0.0374,0.313,0.322,0.886,79.598,226120,4
545,Khalid,American Teen,Young Dumb & Broke,5Z3GHaZ6ec9bsiI5BenrbY,0.798,0.199,0.539,1,-6.351,1,0.0421,1.66e-05,0.165,0.394,136.949,202547,4
546,Halsey,BADLANDS (Deluxe),Young God,5x2XIAdvFxWCwIOMNkbWUj,0.449,0.324,0.599,9,-6.509,0,0.0405,4.09e-06,0.114,0.198,119.868,180088,4
547,SALES,Forever & Ever,Your Own,3axNvNVXW11vfhQrNdbCOV,0.764,0.516,0.457,2,-11.351,1,0.0272,2.4e-05,0.201,0.764,95.996,177500,4
548,The Cranberries,No Need To Argue,Zombie,2IZZqH4K02UIYg5EohpNHF,0.307,0.0154,0.635,7,-8.957,1,0.0339,0.00483,0.366,0.304,166.973,306427,4
549,Tame Impala,Currents,The Less I Know The Better,6K4t31amVTZDgR3sKmwUJJ,0.64,0.0115,0.74,4,-4.083,1,0.0284,0.00678,0.167,0.785,116.879,216320,4
550,Mr.Kitty,Time,After Dark,2LKOHdMsL0K9KwcPRlJK2v,0.585,0.0696,0.595,8,-10.444,1,0.0328,0.266,0.0837,0.039,140.037,259147,4
551,Manchester Orchestra,A Black Mile To The Surface,The Silence,72dIN8F7D5ydB3auSqNi84,0.449,0.0605,0.357,1,-8.48,1,0.0266,0.483,0.105,0.178,66.979,419093,4
552,Petit Biscuit,Suffer | Safe,Suffer,2waH47ZaqIWDk976W9Lqf8,0.562,0.0262,0.606,0,-6.334,1,0.0999,0.0125,0.166,0.292,97.023,209533,4
553,Petit Biscuit,Sunset Lover,Sunset Lover,0hNduWmlWmEmuwEFcYvRu1,0.783,0.729,0.467,6,-9.474,1,0.0503,0.809,0.109,0.236,90.838,237793,4
554,Petit Biscuit,You,You,4gRuC34ZpRcpVXxMXM1csQ,0.57,0.949,0.339,9,-13.549,0,0.0645,0.924,0.0968,0.487,162.387,231131,4
555,Petit Biscuit,Wake Up,Wake Up,3WxuYxIR8OH0msAB63Rimy,0.58,0.128,0.571,7,-6.933,1,0.0908,6.17e-06,0.0789,0.358,91.069,192440,4
556,Petit Biscuit,Petit Biscuit,Jungle,6MSd4awjGA81m2HP863Ip3,0.363,0.302,0.655,6,-6.582,1,0.0769,0.0679,0.103,0.0581,171.664,273904,4
557,Agnes Obel,Citizen of Glass,Familiär,2EWnKuspetOzgfBtmaNZvJ,0.561,0.921,0.419,4,-12.254,1,0.0313,0.0252,0.108,0.227,137.39,235989,4
558,Christian Löffler,Haul,Haul - Radio Edit,3sAatKUX1OkCIAkopdMRTU,0.615,0.287,0.417,11,-15.441,0,0.0373,0.862,0.215,0.117,117.982,217135,4
559,Avenged Sevenfold,Nightmare,So Far Away,7Hr1Ignop7cymbE3FbOtXa,0.286,0.00847,0.703,4,-4.491,0,0.0348,7.39e-05,0.142,0.259,151.297,326813,4
560,Twenty One Pilots,Blurryface,Hometown,40sRwFjfrRnaTdYPJIg4CP,0.683,0.0577,0.753,2,-5.564,0,0.0317,0.00208,0.357,0.389,120.03,234947,4
561,Silversun Pickups,Cannibal - Single,Cannibal,3mNHFC0fFqbTJKb2gxXE10,0.62,0.03,0.858,1,-6.53,1,0.145,0.41,0.112,0.389,128.869,224301,4
562,Cigarettes After Sex,Crush,Crush,4WfV1CNg91SBp8oG0VY0VB,0.401,0.0884,0.504,5,-8.579,1,0.0252,0.757,0.11,0.285,98.357,266667,4
563,Hozier,Hozier,Take Me To Church,3dYD57lRAUcMHufyqn9GcI,0.566,0.634,0.664,4,-5.303,0,0.0464,0.0,0.116,0.437,128.945,241688,4
564,Petit Biscuit,Night Trouble,Night Trouble,5LLtNp8qc3NaCIieZ2W4Dk,0.411,0.951,0.364,1,-15.335,1,0.0743,0.93,0.126,0.0685,95.967,391257,3
565,The Lumineers,Cleopatra,Sleep On The Floor,44uOreAESeRIBaxkuCW4wN,0.389,0.249,0.431,7,-8.061,1,0.0344,0.0,0.13,0.275,142.14,211851,4
566,Brothers of Metal,Yggdrasil,Yggdrasil,2gGveBaLJQMtJ43X4UL5kH,0.469,0.00222,0.743,1,-5.57,0,0.0272,0.000111,0.276,0.481,86.953,272292,4
567,BETWEEN FRIENDS,we just need some time together,affection,2lTtnKQgjbrBA1qnOFhBkP,0.273,0.516,0.565,2,-7.283,1,0.248,1.68e-06,0.0855,0.298,179.518,235226,4
